,Unnamed: 0,protein,rna,protein-length,rna-length,aptamer-index,aptamer-rand-A,aptamer-rand-B,aptamer-mcts-A,aptamer-mcts-B,aptamer-rand-A-to,aptamer-rand-B-to,aptamer-mcts-A-to,aptamer-mcts-B-to
0,0,MQRVNMIMAESPGLITICLLGYLLSAECTVFLDHENANKILNRPKRYNSGKLEEFVQGNLERECMEEKCSFEEAREVFENTERTTEFWKQYVDGDQCESNPCLNGGSCKDDINSYECWCPFGFEGKNCELDVTCNIKNGRCEQFCKNSADNKVVCSCTEGYRLAENQKSCEPAVPFPCGRVSVSQTSKLTRAETVFPDVDYVNSTEAETILDNITQSTQSFNDFTRVVGGEDAKPGQFPWQVVLNGKVDAFCGGSIVNEKWIVTAAHCVETGVKITVVAGEHNIEETEHTEQKRNVIRIIPHHNYNAAINKYNHDIALLELDEPLVLNSYVTPICIADKEYTNIFLKFGSGYVSGWGRVFHKGRSALVLQYLRVPLVDRATCLRSTKFTIYNNMFCAGFHEGGRDSCQGDSGGPHVTEVEGTSFLTGIISWGEECAMKGKYGIYTKVSRYVNWIKEKTKLT,GGGAGCUCAGCCUUCACUGCCUACGCGGGCGUUUACGUAACGGCUUAUGGGGAGCUGAGCGCUUGAUCGUGGUAGUGCGAAGCCAGUAAACGAGGGCACCACGGUCGGAUCCAC,461,114,14,sampling_output_all/rand/benchmark-A/testset-14-spe.txt,sampling_output_all/rand/benchmark-B/testset-14-sen.txt,sampling_output_all/mcts-seq/benchmark-A/testset-14-spe.txt,sampling_output_all/mcts-seq/benchmark-B/testset-14-sen.txt,sampling_output_all/rand/benchmark-A/testset-00-spe.txt,sampling_output_all/rand/benchmark-B/testset-00-sen.txt,sampling_output_all/mcts-seq/benchmark-A/testset-00-spe.txt,sampling_output_all/mcts-seq/benchmark-B/testset-00-sen.txt
1,1,MQRVNMIMAESPGLITICLLGYLLSAECTVFLDHENANKILNRPKRYNSGKLEEFVQGNLERECMEEKCSFEEAREVFENTERTTEFWKQYVDGDQCESNPCLNGGSCKDDINSYECWCPFGFEGKNCELDVTCNIKNGRCEQFCKNSADNKVVCSCTEGYRLAENQKSCEPAVPFPCGRVSVSQTSKLTRAETVFPDVDYVNSTEAETILDNITQSTQSFNDFTRVVGGEDAKPGQFPWQVVLNGKVDAFCGGSIVNEKWIVTAAHCVETGVKITVVAGEHNIEETEHTEQKRNVIRIIPHHNYNAAINKYNHDIALLELDEPLVLNSYVTPICIADKEYTNIFLKFGSGYVSGWGRVFHKGRSALVLQYLRVPLVDRATCLRSTKFTIYNNMFCAGFHEGGRDSCQGDSGGPHVTEVEGTSFLTGIISWGEECAMKGKYGIYTKVSRYVNWIKEKTKLT,GGGAUCGUGGUAGUGCGAAGCCAGUAAACGAGGGCACCACGGUCC,461,45,39,sampling_output_all/rand/benchmark-A/testset-39-spe.txt,sampling_output_all/rand/benchmark-B/testset-39-sen.txt,sampling_output_all/mcts-seq/benchmark-A/testset-39-spe.txt,sampling_output_all/mcts-seq/benchmark-B/testset-39-sen.txt,sampling_output_all/rand/benchmark-A/testset-01-spe.txt,sampling_output_all/rand/benchmark-B/testset-01-sen.txt,sampling_output_all/mcts-seq/benchmark-A/testset-01-spe.txt,sampling_output_all/mcts-seq/benchmark-B/testset-01-sen.txt
2,2,MAVAQELYGFPASKLDSFVAQWLQPTREWKEEVLETVQTVEQFLRQENFREDRGPARDVRVLKVLKVGCFGNGTVLRSTTDVELVVFLSCFHSFQEEAKHHQAVLRLIQKRMYYCQELMDLGLSNLSVTNRVPSSLIFTIQTRETWETITVTVVPAYRALGPSCPSSEVYANLIKANGYPGNFSPSFSELQRNFVKHRPTKLKSLLRLVKHWYQQYVRDKCPRANLPPLYALELLTVYAWEAGTREDANFRLDEGLATVMELLQDHELLCIYWTKHYTLQHPVIEACVRRQLRGQRPIILDPADPTNNVAEGYRWDIVAQRANQCLKQDCCYDNRDSPVPSWRVKRAPDIQVTVQEWGHSDLTFWVNPYEPIKKLKEKIQLSQGYLGLQRLSFQEPGGERQLIRSHCTLAYYGIFCDTHICLLDTISPEIQVFVKNPDGRSHAYAIHPLDYVLNLKQQIEDRQGLRCQEQRLEFQGHILEDWFDFKSYGIQDSVTVILSKTTEGAAPFVPS,UAUCCUCGCCCGUGCACGCCCUCCACUAAGCCCA,511,34,9,sampling_output_all/rand/benchmark-A/testset-09-spe.txt,sampling_output_all/rand/benchmark-B/testset-09-sen.txt,sampling_output_all/mcts-seq/benchmark-A/testset-09-spe.txt,sampling_output_all/mcts-seq/benchmark-B/testset-09-sen.txt,sampling_output_all/rand/benchmark-A/testset-02-spe.txt,sampling_output_all/rand/benchmark-B/testset-02-sen.txt,sampling_output_all/mcts-seq/benchmark-A/testset-02-spe.txt,sampling_output_all/mcts-seq/benchmark-B/testset-02-sen.txt
3,3,LLNGSLAEEIVIRTENIADNTKDIIVQFNKTVSIACTRPHNNTRRGIHIGPGQAFYATGDIIGDIRQAHCNVSGENWTETMEWVKAKLEKTFNVTNITFEPPITGGDLEITTHSFNCRGEFFYCNTSKLFNSSELNSIKGKENYTIILPCRIKQFVRMWQRVGQAMYAPPIEGNITCISNITGLILTRDGGINRTNDTFRPGGGDMRDNWRRKL,GUUUAUAUAUACACAGGUUAAGCGUAACUUCGCUGGACAGCAAGAAUCCU,214,50,43,sampling_output_all/rand/benchmark-A/testset-43-spe.txt,sampling_output_all/rand/benchmark-B/testset-43-sen.txt,sampling_output_all/mcts-seq/benchmark-A/testset-43-spe.txt,sampling_output_all/mcts-seq/benchmark-B/testset-43-sen.txt,sampling_output_all/rand/benchmark-A/testset-03-spe.txt,sampling_output_all/rand/benchmark-B/testset-03-sen.txt,sampling_output_all/mcts-seq/benchmark-A/testset-03-spe.txt,sampling_output_all/mcts-seq/benchmark-B/testset-03-sen.txt
4,4,LLNGSLAEEIVIRTENIADNTKDIIVQFNKTVSIACTRPHNNTRRGIHIGPGQAFYATGDIIGDIRQAHCNVSGENWTETMEWVKAKLEKTFNVTNITFEPPITGGDLEITTHSFNCRGEFFYCNTSKLFNSSELNSIKGKENYTIILPCRIKQFVRMWQRVGQAMYAPPIEGNITCISNITGLILTRDGGINRTNDTFRPGGGDMRDNWRRKL,CACCUACCUAAUUAUUAAACUUUGGGCAGUAUCCCGCUUUGCUUCUUAUC,214,50,27,sampling_output_all/rand/benchmark-A/testset-27-spe.txt,sampling_output_all/rand/benchmark-B/testset-27-sen.txt,sampling_output_all/mcts-seq/benchmark-A/testset-27-spe.txt,sampling_output_all/mcts-seq/benchmark-B/testset-27-sen.txt,sampling_output_all/rand/benchmark-A/testset-04-spe.txt,sampling_output_all/rand/benchmark-B/testset-04-sen.txt,sampling_output_all/mcts-seq/benchmark-A/testset-04-spe.txt,sampling_output_all/mcts-seq/benchmark-B/testset-04-sen.txt
5,5,LLNGSLAEEIVIRTENIADNTKDIIVQFNKTVSIACTRPHNNTRRGIHIGPGQAFYATGDIIGDIRQAHCNVSGENWTETMEWVKAKLEKTFNVTNITFEPPITGGDLEITTHSFNCRGEFFYCNTSKLFNSSELNSIKGKENYTIILPCRIKQFVRMWQRVGQAMYAPPIEGNITCISNITGLILTRDGGINRTNDTFRPGGGDMRDNWRRKL,CUUCUCCCUUGAGGGCCCCAUGACCUGACUGUAGAUAUCUGCCCUCGAG,214,49,8,sampling_output_all/rand/benchmark-A/testset-08-spe.txt,sampling_output_all/rand/benchmark-B/testset-08-sen.txt,sampling_output_all/mcts-seq/benchmark-A/testset-08-spe.txt,sampling_output_all/mcts-seq/benchmark-B/testset-08-sen.txt,sampling_output_all/rand/benchmark-A/testset-05-spe.txt,sampling_output_all/rand/benchmark-B/testset-05-sen.txt,sampling_output_all/mcts-seq/benchmark-A/testset-05-spe.txt,sampling_output_all/mcts-seq/benchmark-B/testset-05-sen.txt
6,6,LLNGSLAEEIVIRTENIADNTKDIIVQFNKTVSIACTRPHNNTRRGIHIGPGQAFYATGDIIGDIRQAHCNVSGENWTETMEWVKAKLEKTFNVTNITFEPPITGGDLEITTHSFNCRGEFFYCNTSKLFNSSELNSIKGKENYTIILPCRIKQFVRMWQRVGQAMYAPPIEGNITCISNITGLILTRDGGINRTNDTFRPGGGDMRDNWRRKL,UGUGGGCCACGCCCGAUUUUACGCUUUUACCCGCACGCGAUUGGUUUGUU,214,50,49,sampling_output_all/rand/benchmark-A/testset-49-spe.txt,sampling_output_all/rand/benchmark-B/testset-49-sen.txt,sampling_output_all/mcts-seq/benchmark-A/testset-49-spe.txt,sampling_output_all/mcts-seq/benchmark-B/testset-49-sen.txt,sampling_output_all/rand/benchmark-A/testset-06-spe.txt,sampling_output_all/rand/benchmark-B/testset-06-sen.txt,sampling_output_all/mcts-seq/benchmark-A/testset-06-spe.txt,sampling_output_all/mcts-seq/benchmark-B/testset-06-sen.txt
7,7,LLNGSLAEEIVIRTENIADNTKDIIVQFNKTVSIACTRPHNNTRRGIHIGPGQAFYATGDIIGDIRQAHCNVSGENWTETMEWVKAKLEKTFNVTNITFEPPITGGDLEITTHSFNCRGEFFYCNTSKLFNSSELNSIKGKENYTIILPCRIKQFVRMWQRVGQAMYAPPIEGNITCISNITGLILTRDGGINRTNDTFRPGGGDMRDNWRRKL,CCCGUACCACCACACCCUAUGCACAUCGUUGUUUGUCGUCUUUCCCGCAU,214,50,21,sampling_output_all/rand/benchmark-A/testset-21-spe.txt,sampling_output_all/rand/benchmark-B/testset-21-sen.txt,sampling_output_all/mcts-seq/benchmark-A/testset-21-spe.txt,sampling_output_all/mcts-seq/benchmark-B/testset-21-sen.txt,sampling_output_all/rand/benchmark-A/testset-07-spe.txt,sampling_output_all/rand/benchmark-B/testset-07-sen.txt,sampling_output_all/mcts-seq/benchmark-A/testset-07-spe.txt,sampling_output_all/mcts-seq/benchmark-B/testset-07-sen.txt
8,8,MEDDDSYVPSDLTAEERQELENIRRRKQELLADIQRLKEEIAEVANEIESLGSTEERKNMQRNKQVAMGRKKFNMDPKKGIQFLIENGLLKNTCEDIAQFLYKGEGLNKTAIGDYLGERDEFSIQVLHAFVELHEFTDLNLVQALRQFLWSFRLPGEAQKIDRMMEAFAQRYCQCNTGVFQSTDTCYVLSFAIIMLNTSLHNPNVKDKPTVERFIAMNRGINDGGDLPEELLRNLYESIKNEPFKIPVWFFLQNLYESIKNEPFKIPEDDGNDLTHTFFNPDREGWLLKLGGGRVKTWKRRWFILTDNCLYYFEYTTDKEPRGIIPLENLSIREVEDSKKPNCFELYIPDNKDQVIKACKTEADGRVVEGNHTVYRISAPTPEEKEDWIKCIKAAISRDPFYEMLAARKKKVSSTKRH,UGUUGUUGGACCAGUGUUAUUUUACGCGAUUGUGCGGUUGUGA,418,43,53,sampling_output_all/rand/benchmark-A/testset-53-spe.txt,sampling_output_all/rand/benchmark-B/testset-53-sen.txt,sampling_output_all/mcts-seq/benchmark-A/testset-53-spe.txt,sampling_output_all/mcts-seq/benchmark-B/testset-53-sen.txt,sampling_output_all/rand/benchmark-A/testset-08-spe.txt,sampling_output_all/rand/benchmark-B/testset-08-sen.txt,sampling_output_all/mcts-seq/benchmark-A/testset-08-spe.txt,sampling_output_all/mcts-seq/benchmark-B/testset-08-sen.txt
9,9,SRWDSTQQRAVLAAAVEIMVKFSSQPHLAQVVAEDLLSPSVMDVGDFKISITEGLPSGVPCTSQWNSIAHWLLTLCALSETTNLSPDIIQANSLFSFYG,GCUAUCAUCAUUAACUUUAUUUAUUACCGUCAUUCAUUUCUGAAUGUCUGUUUACCCCUAUUUCAACCGGUUUUUUUU,99,78,51,sampling_output_all/rand/benchmark-A/testset-51-spe.txt,sampling_output_all/rand/benchmark-B/testset-51-sen.txt,sampling_output_all/mcts-seq/benchmark-A/testset-51-spe.txt,sampling_output_all/mcts-seq/benchmark-B/testset-51-sen.txt,sampling_output_all/rand/benchmark-A/testset-09-spe.txt,sampling_output_all/rand/benchmark-B/testset-09-sen.txt,sampling_output_all/mcts-seq/benchmark-A/testset-09-spe.txt,sampling_output_all/mcts-seq/benchmark-B/testset-09-sen.txt
10,10,MNRGVPFRHLLLVLQLALLPAATQGKKVVLGKKGDTVELTCTASQKKSIQFHWKNSNQIKILGNQGSFLTKGPSKLNDRADSRRSLWDQGNFPLIIKNLKIEDSDTYICEVEDQKEEVQLLVFGLTANSDTHLLQGQSLTLTLESPPGSSPSVQCRSPRGKNIQGGKTLSVSQLELQDSGTWTCTVLQNQKKVEFKIDIVVLAFQKASSIVYKKEGEQVEFSFPLAFTVEKLTGSGELWWQAERASSSKSWITFDLKNKEVSVKRVTQDPKLQMGKKLPLHLTLPQALPQYAGSGNLTLALEAKTGKLHQEVNLVVMRATQLQKNLTCEVWGPTSPKLMLSLKLENKEAKVSKREKAVWVLNPEAGMWQCLLSDSGQVLLESNIKVLPTWSTPVQPMALIVLGGVAGLLLFIGLGIFFCVRCRHRRRQAERMSQIKRLLSEKKTCQCPHRFQKTCSPI,CUCAGAGACAGAGCAGAAAGGACAGUUCAAGCGACA,458,36,54,sampling_output_all/rand/benchmark-A/testset-54-spe.txt,sampling_output_all/rand/benchmark-B/testset-54-sen.txt,sampling_output_all/mcts-seq/benchmark-A/testset-54-spe.txt,sampling_output_all/mcts-seq/benchmark-B/testset-54-sen.txt,sampling_output_all/rand/benchmark-A/testset-10-spe.txt,sampling_output_all/rand/benchmark-B/testset-10-sen.txt,sampling_output_all/mcts-seq/benchmark-A/testset-10-spe.txt,sampling_output_all/mcts-seq/benchmark-B/testset-10-sen.txt
11,11,MNRGVPFRHLLLVLQLALLPAATQGKKVVLGKKGDTVELTCTASQKKSIQFHWKNSNQIKILGNQGSFLTKGPSKLNDRADSRRSLWDQGNFPLIIKNLKIEDSDTYICEVEDQKEEVQLLVFGLTANSDTHLLQGQSLTLTLESPPGSSPSVQCRSPRGKNIQGGKTLSVSQLELQDSGTWTCTVLQNQKKVEFKIDIVVLAFQKASSIVYKKEGEQVEFSFPLAFTVEKLTGSGELWWQAERASSSKSWITFDLKNKEVSVKRVTQDPKLQMGKKLPLHLTLPQALPQYAGSGNLTLALEAKTGKLHQEVNLVVMRATQLQKNLTCEVWGPTSPKLMLSLKLENKEAKVSKREKAVWVLNPEAGMWQCLLSDSGQVLLESNIKVLPTWSTPVQPMALIVLGGVAGLLLFIGLGIFFCVRCRHRRRQAERMSQIKRLLSEKKTCQCPHRFQKTCSPI,GUAGUCAAAAGUCAUACAGCUCUACCAACAGCUCGA,458,36,7,sampling_output_all/rand/benchmark-A/testset-07-spe.txt,sampling_output_all/rand/benchmark-B/testset-07-sen.txt,sampling_output_all/mcts-seq/benchmark-A/testset-07-spe.txt,sampling_output_all/mcts-seq/benchmark-B/testset-07-sen.txt,sampling_output_all/rand/benchmark-A/testset-11-spe.txt,sampling_output_all/rand/benchmark-B/testset-11-sen.txt,sampling_output_all/mcts-seq/benchmark-A/testset-11-spe.txt,sampling_output_all/mcts-seq/benchmark-B/testset-11-sen.txt
12,12,MNQVTIQWDAVIALYILFSWCHGGITNINCSGHIWVEPATIFKMGMNISIYCQAAIKNCQPRKLHFYKNGIKERFQITRINKTTARLWYKNFLEPHASMYCTAECPKHFQETLICGKDISSGYPPDIPDEVTCVIYEYSGNMTCTWNAGKLTYIDTKYVVHVKSLETEEEQQYLTSSYINISTDSLQGGKKYLVWVQAANALGMEESKQLQIHLDDIVIPSAAVISRAETINATVPKTIIYWDSQTTIEKVSCEMRYKATTNQTWNVKEFDTNFTYVQQSEFYLEPNIKYVFQVRCQETGKRYWQPWSSLFFHKTPETVPQVTSKAFQHDTWNSGLTVASISTGHLTSDNRGDIGLLLGMIVFAVMLSILSLIGIFNRSFRTGIKRRILLLIPKWLYEDIPNMKNSNVVKMLQENSELMNNNSSEQVLYVDPMITEIKEIFIPEHKPTDYKKENTGPLETRDYPQNSLFDNTTVVYIPDLNTGYKPQISNFLPEGSHLSNNNEITSLTLKPPVDSLDSGNNPRLQKHPNFAFSVSSVNSLSNTIFLGELSLILNQGECSSPDIQNSVEEETTMLLENDSPSETIPEQTLLPDEFVSCLGIVNEELPSINTYFPQNILESHFNRISLLEK,GGGAGAGGAGAGAACGUUCUACAGCGCCGGUGGGCGGGCAUUGGGUGGAUGCGCUGUCGAUCGAUCGAUCGAUG,629,74,15,sampling_output_all/rand/benchmark-A/testset-15-spe.txt,sampling_output_all/rand/benchmark-B/testset-15-sen.txt,sampling_output_all/mcts-seq/benchmark-A/testset-15-spe.txt,sampling_output_all/mcts-seq/benchmark-B/testset-15-sen.txt,sampling_output_all/rand/benchmark-A/testset-12-spe.txt,sampling_output_all/rand/benchmark-B/testset-12-sen.txt,sampling_output_all/mcts-seq/benchmark-A/testset-12-spe.txt,sampling_output_all/mcts-seq/benchmark-B/testset-12-sen.txt
13,13,MDELFPLIFPAEPAQASGPYVEIIEQPKQRGMRFRYKCEGRSAGSIPGERSTDTTKTHPTIKINGYTGPGTVRISLVTKDPPHRPHPHELVGKDCRDGFYEAELCPDRCIHSFQNLGIQCVKKRDLEQAISQRIQTNNNPFQVPIEEQRGDYDLNAVRLCFQVTVRDPSGRPLRLPPVLSHPIFDNRAPNTAELKICRVNRNSGSCLGGDEIFLLCDKVQKEDIEVYFTGPGWEARGSFSQADVHRQVAIVFRTPPYADPSLQAPVRVSMQLRRPSDRELSEPMEFQYLPDTDDRHRIEEKRKRTYETFKSIMKKSPFSGPTDPRPPPRRIAVPSRSSASVPKPAPQPYPFTSSLSTINYDEFPTMVFPSGQISQASALAPAPPQVLPQAPAPAPAPAMVSALAQAPAPVPVLAPGPPQAVAPPAPKPTQAGEGTLSEALLQLQFDDEDLGALLGNSTDPAVFTDLASVDNSEFQQLLNQGIPVAPHTTEPMLMEYPEAITRLVTGAQRPPDPAPAPLGAPGLPNGLLSGDEDFSSIADMDFSALLSQISS,AAGAAGGACAGCACGAAUAAAACCUGCGUAAAUCCGCCCCAUUUGUGUAAGGGUAGUGGG,551,60,33,sampling_output_all/rand/benchmark-A/testset-33-spe.txt,sampling_output_all/rand/benchmark-B/testset-33-sen.txt,sampling_output_all/mcts-seq/benchmark-A/testset-33-spe.txt,sampling_output_all/mcts-seq/benchmark-B/testset-33-sen.txt,sampling_output_all/rand/benchmark-A/testset-13-spe.txt,sampling_output_all/rand/benchmark-B/testset-13-sen.txt,sampling_output_all/mcts-seq/benchmark-A/testset-13-spe.txt,sampling_output_all/mcts-seq/benchmark-B/testset-13-sen.txt
14,14,MVKSHIGSWILVLFVAMWSDVGLCKKRPKPGGGWNTGGSRYPGQGSPGGNRYPPQGGGGWGQPHGGGWGQPHGGGWGQPHGGGWGQPHGGGGWGQGGSHSQWNKPSKPKTNMKHVAGAAAAGAVVGGLGGYMLGSAMSRPLIHFGNDYEDRYYRENMYRYPNQVYYRPVDRYSNQNNFVHDCVNITVKQHTVTTTTKGENFTETDIKIMERVVEQMCITQYQRESQAYYQRGASVILFSSPPVILLISFLIFLIVG,GGGCGAAUUCGAGCCUCAAGUGCCAUGAGUGAAAUAAAACCAUCCGGAACUAAGACUGCGCUGUUACUCGGCGGAUCCUCU,256,81,23,sampling_output_all/rand/benchmark-A/testset-23-spe.txt,sampling_output_all/rand/benchmark-B/testset-23-sen.txt,sampling_output_all/mcts-seq/benchmark-A/testset-23-spe.txt,sampling_output_all/mcts-seq/benchmark-B/testset-23-sen.txt,sampling_output_all/rand/benchmark-A/testset-14-spe.txt,sampling_output_all/rand/benchmark-B/testset-14-sen.txt,sampling_output_all/mcts-seq/benchmark-A/testset-14-spe.txt,sampling_output_all/mcts-seq/benchmark-B/testset-14-sen.txt
15,15,MAGRSGDSDEELLKAVRLIKFLYQSNPPPNPEGTRQARRNRRRRWRERQRQIHSISERILSTYLGRSAEPVPLQLPPLERLTLDCNEDCGTSGTQGVGSPQILVESPTILESGAKE,AGGACUGAAAUAUUCACGUUGACGUUGUCUUGGAGUGCUGAUCGGAAAACCAAUAUGAUUAAGGGUCCUG,116,70,22,sampling_output_all/rand/benchmark-A/testset-22-spe.txt,sampling_output_all/rand/benchmark-B/testset-22-sen.txt,sampling_output_all/mcts-seq/benchmark-A/testset-22-spe.txt,sampling_output_all/mcts-seq/benchmark-B/testset-22-sen.txt,sampling_output_all/rand/benchmark-A/testset-15-spe.txt,sampling_output_all/rand/benchmark-B/testset-15-sen.txt,sampling_output_all/mcts-seq/benchmark-A/testset-15-spe.txt,sampling_output_all/mcts-seq/benchmark-B/testset-15-sen.txt
16,16,MDSTNYISKLFEYAQRQGQISDIKFEEVGTDGPDHLKTFTLRVVIKGHAYPNGVGKTKKEAKRNAAKHALIGMMETTEQKDASVSCPPSPAPSPAPPVRAVISQPKYVSWLNEHSQKNKLSLKALEGARVGPNNTSQCCRYVVGEKEYPEGFGNTKKEAKEEAAMQVYLELCGGSQTTGTVDENCNGTTGKHKEELNGKVVVLSEKVEHMNMSPAQNVPEQYSFITTEETNFIGILNHYCQKTKRFLDFKLVEKSGPSHNPQFVYKVLIDKREYPDGLGKTAKEAKQQAAQLAWSALQEQSDWNSQVSCRSTVSEEGGLSSLTPSSTWESQDATPSSLSIAGSTSESIIFSDSVNVSSPKDESPVNVKPKIRLAANFQMSPVKTKQEGPNLKGNDLGTLSSGRTSNQPVISRFSSEFDSIENIGKGGFGHVYKARRKLEQKYFAVKIVRSKGKAKREVGALADLQHPNIVRYYTAWLEDTAYRCDTASESDTTSDSGSSSSSEFLYIQMELCDKRTLKVWIDERNAHRKPKRREESLSITQQIVNGVEYIHSKKLLHRDLKPANIMFGMSDGEGKGEVKIGDFGLVTAEDNDNDENLLERTKKTGTVSYMAPEQRNQTSYDRKVDIFALGLIYFEPLWDLSGMEKAKVWNDVRSQRFPQQFNSQFTLENKVIESLLCANPEERPDARQLKTKLNECSRVLTRVHNIHQDNRTI,UGUUUGGCUUGGCUCUGCAUCGACAGGUGGUU,713,32,24,sampling_output_all/rand/benchmark-A/testset-24-spe.txt,sampling_output_all/rand/benchmark-B/testset-24-sen.txt,sampling_output_all/mcts-seq/benchmark-A/testset-24-spe.txt,sampling_output_all/mcts-seq/benchmark-B/testset-24-sen.txt,sampling_output_all/rand/benchmark-A/testset-16-spe.txt,sampling_output_all/rand/benchmark-B/testset-16-sen.txt,sampling_output_all/mcts-seq/benchmark-A/testset-16-spe.txt,sampling_output_all/mcts-seq/benchmark-B/testset-16-sen.txt
17,17,MNLTELKNTPVSELITLGENMGLENLARMRKQDIIFAILKQHAKSGEDIFGDGVLEILQDGFGFLRSADSSYLAGPDDIYVSPSQIRRFNLRTGDTISGKIRPPKEGERYFALLKVNEVNFDKPENARNKILFENLTPLHANSRLRMERGNGSTEDLTARVLDLASPIGRGQRGLIVAPPKAGKTMLLQNIAQSIAYNHPDCVLMVLLIDERPEEVTEMQRLVKGEVVASTFDEPASRHVQVAEMVIEKAKRLVEHKKDVIILLDSITRLARAYNTVVPASGKVLTGGVDANALHRPKRFFGAARNVEEGGSLTIIATALIDTGSKMDEVIYEEFKGTGNMELHLSRKIAEKRVFPAIDYNRSGTRKEELLTTQEELQKMWILRKIIHPMGEIDAMEFLINKLAMTKTNDDFFEMMKRS,AAUAGCAAAAAAAAACAUGAAGUGCAACGC,419,30,4,sampling_output_all/rand/benchmark-A/testset-04-spe.txt,sampling_output_all/rand/benchmark-B/testset-04-sen.txt,sampling_output_all/mcts-seq/benchmark-A/testset-04-spe.txt,sampling_output_all/mcts-seq/benchmark-B/testset-04-sen.txt,sampling_output_all/rand/benchmark-A/testset-17-spe.txt,sampling_output_all/rand/benchmark-B/testset-17-sen.txt,sampling_output_all/mcts-seq/benchmark-A/testset-17-spe.txt,sampling_output_all/mcts-seq/benchmark-B/testset-17-sen.txt
18,18,MVKSHIGSWILVLFVAMWSDVGLCKKRPKPGGGWNTGGSRYPGQGSPGGNRYPPQGGGGWGQPHGGGWGQPHGGGWGQPHGGGWGQPHGGGGWGQGGSHSQWNKPSKPKTNMKHVAGAAAAGAVVGGLGGYMLGSAMSRPLIHFGNDYEDRYYRENMYRYPNQVYYRPVDRYSNQNNFVHDCVNITVKQHTVTTTTKGENFTETDIKIMERVVEQMCITQYQRESQAYYQRGASVILFSSPPVILLISFLIFLIVG,GGGCGAAUUCGAGCCUCAAGAGUAGCAACAGAAUUGGAUCCCGACCACUAAGAACCCGGCCUGUUACUCGGCGGAUCCUCU,256,81,13,sampling_output_all/rand/benchmark-A/testset-13-spe.txt,sampling_output_all/rand/benchmark-B/testset-13-sen.txt,sampling_output_all/mcts-seq/benchmark-A/testset-13-spe.txt,sampling_output_all/mcts-seq/benchmark-B/testset-13-sen.txt,sampling_output_all/rand/benchmark-A/testset-18-spe.txt,sampling_output_all/rand/benchmark-B/testset-18-sen.txt,sampling_output_all/mcts-seq/benchmark-A/testset-18-spe.txt,sampling_output_all/mcts-seq/benchmark-B/testset-18-sen.txt
19,19,MKPTAMALMCLLLAAVWIQDVDSKSMLTVSNSCCLNTLKKELPLKFIQCYRKMGSSCPDPPAVVFRLNKGRESCASTNKTWVQNHLKKVNPC,UGACUCCUCUGACAGCCUAAUUUCUCCCGAUUACCCUG,92,38,45,sampling_output_all/rand/benchmark-A/testset-45-spe.txt,sampling_output_all/rand/benchmark-B/testset-45-sen.txt,sampling_output_all/mcts-seq/benchmark-A/testset-45-spe.txt,sampling_output_all/mcts-seq/benchmark-B/testset-45-sen.txt,sampling_output_all/rand/benchmark-A/testset-19-spe.txt,sampling_output_all/rand/benchmark-B/testset-19-sen.txt,sampling_output_all/mcts-seq/benchmark-A/testset-19-spe.txt,sampling_output_all/mcts-seq/benchmark-B/testset-19-sen.txt
20,20,MSGGDGRGHNTGAHSTSGNINGGPTGLGVGGGASDGSGWSSENNPWGGGSGSGIHWGGGSGHGNGGGNGNSGGGSGTGGNLSAVAAPVAFGFPALSTPGAGGLAVSISAGALSAAIADIMAALKGPFKFGLWGVALYGVLPSQIAKDDPNMMSKIVTSLPADDITESPVSSLPLDKATVNVNVRVVDDVKDERQNISVVSGVPMSVPVVDAKPTERPGVFTASIPGAPVLNISVNNSTPAVQTLSPGVTNNTDKDVRPAGFTQGGNTRDAVIRFPKDSGHNAVYVSVSDVLSPDQVKQRQDEENRRQQEWDATHPVEAAERNYERARAELNQANEDVARNQERQAKAVQVYNSRKSELDAANKTLADAIAEIKQFNRFAHDPMAGGHRMWQMAGLKAQRAQTDVNNKQAAFDAAAKEKSDADAALSSAMESRKKKEDKKRSAENNLNDEKNKPRKGFKDYGHDYHPAPKTENIKGLGDLKPGIPKTPKQNGGGKRKRWTGDKGRKIYEWDSQHGELEGYRASDGQHLGSFDPKTGNQLKGPDPKRNIKKYL,UCCCUGGCCCAAGAUCCUAAUAAAGUUUUUUCGGACCGGAGCGAAACCACUAUCCUCUUAAGCAAUCUGU,551,70,30,sampling_output_all/rand/benchmark-A/testset-30-spe.txt,sampling_output_all/rand/benchmark-B/testset-30-sen.txt,sampling_output_all/mcts-seq/benchmark-A/testset-30-spe.txt,sampling_output_all/mcts-seq/benchmark-B/testset-30-sen.txt,sampling_output_all/rand/benchmark-A/testset-20-spe.txt,sampling_output_all/rand/benchmark-B/testset-20-sen.txt,sampling_output_all/mcts-seq/benchmark-A/testset-20-spe.txt,sampling_output_all/mcts-seq/benchmark-B/testset-20-sen.txt
21,21,MKTLLLLAVIMIFGLLQAHGNLVNFHRMIKLTTGKEAALSYGFYGCHCGVGGRGSPKDATDRCCVTHDCCYKRLEKRGCGTKFLSYKFSNSGSRITCAKQDSCRSQLCECDKAAATCFARNKTTYNKKYQYYSNKHCRGSTPRC,AAGACGGCCGGCGCCAUAGCCGAGAUCCGAGGUUGUAC,144,38,2,sampling_output_all/rand/benchmark-A/testset-02-spe.txt,sampling_output_all/rand/benchmark-B/testset-02-sen.txt,sampling_output_all/mcts-seq/benchmark-A/testset-02-spe.txt,sampling_output_all/mcts-seq/benchmark-B/testset-02-sen.txt,sampling_output_all/rand/benchmark-A/testset-21-spe.txt,sampling_output_all/rand/benchmark-B/testset-21-sen.txt,sampling_output_all/mcts-seq/benchmark-A/testset-21-spe.txt,sampling_output_all/mcts-seq/benchmark-B/testset-21-sen.txt
22,22,MSRLDKSKVINSALELLNEVGIEGLTTRKLAQKLGVEQPTLYWHVKNKRALLDALAIEMLDRHHTHFCPLEGESWQDFLRNNAKSFRCALLSHRDGAKVHLGTRPTEKQYETLENQLAFLCQQGFSLENALYALSAVGHFTLGCVLEDQEHQVAKEERETPTTDSMPPLLRQAIELFDHQGAEPAFLFGLELIICGLEKQLKCESGS,CAAGGCAGAAUGUAAUGCUGAAUAAGAGAGAAAAGUGUUGGUGAGUGUAG,207,50,44,sampling_output_all/rand/benchmark-A/testset-44-spe.txt,sampling_output_all/rand/benchmark-B/testset-44-sen.txt,sampling_output_all/mcts-seq/benchmark-A/testset-44-spe.txt,sampling_output_all/mcts-seq/benchmark-B/testset-44-sen.txt,sampling_output_all/rand/benchmark-A/testset-22-spe.txt,sampling_output_all/rand/benchmark-B/testset-22-sen.txt,sampling_output_all/mcts-seq/benchmark-A/testset-22-spe.txt,sampling_output_all/mcts-seq/benchmark-B/testset-22-sen.txt
23,23,MNFLLSWVHWSLALLLYLHHAKWSQAAPMAEGGGQNHHEVVKFMDVYQRSYCHPIETLVDIFQEYPDEIEYIFKPSCVPLMRCGGCCNDEGLECVPTEESNITMQIMRIKPHQGQHIGEMSFLQHNKCECRPKKDRARQEKKSVRGKGKGQKRKRKKSRYKSWSVYVGARCCLMPWSLPGPHPCGPCSERRKHLFVQDPQTCKCSCKNTDSRCKARQLELNERTCRCDKPRR,GAGGCUGAUGGCAGACGCCGGCCGAAGACA,232,30,16,sampling_output_all/rand/benchmark-A/testset-16-spe.txt,sampling_output_all/rand/benchmark-B/testset-16-sen.txt,sampling_output_all/mcts-seq/benchmark-A/testset-16-spe.txt,sampling_output_all/mcts-seq/benchmark-B/testset-16-sen.txt,sampling_output_all/rand/benchmark-A/testset-23-spe.txt,sampling_output_all/rand/benchmark-B/testset-23-sen.txt,sampling_output_all/mcts-seq/benchmark-A/testset-23-spe.txt,sampling_output_all/mcts-seq/benchmark-B/testset-23-sen.txt
24,24,MSGGDGRGHNTGAHSTSGNINGGPTGLGVGGGASDGSGWSSENNPWGGGSGSGIHWGGGSGHGNGGGNGNSGGGSGTGGNLSAVAAPVAFGFPALSTPGAGGLAVSISAGALSAAIADIMAALKGPFKFGLWGVALYGVLPSQIAKDDPNMMSKIVTSLPADDITESPVSSLPLDKATVNVNVRVVDDVKDERQNISVVSGVPMSVPVVDAKPTERPGVFTASIPGAPVLNISVNNSTPAVQTLSPGVTNNTDKDVRPAGFTQGGNTRDAVIRFPKDSGHNAVYVSVSDVLSPDQVKQRQDEENRRQQEWDATHPVEAAERNYERARAELNQANEDVARNQERQAKAVQVYNSRKSELDAANKTLADAIAEIKQFNRFAHDPMAGGHRMWQMAGLKAQRAQTDVNNKQAAFDAAAKEKSDADAALSSAMESRKKKEDKKRSAENNLNDEKNKPRKGFKDYGHDYHPAPKTENIKGLGDLKPGIPKTPKQNGGGKRKRWTGDKGRKIYEWDSQHGELEGYRASDGQHLGSFDPKTGNQLKGPDPKRNIKKYL,ACUGUCCUCCCUUCAGAGAGCGCGGGACCCUUAACUUGGGGCCCACGAACAGCUUCAGUUCCGUCUCGGCGU,551,72,34,sampling_output_all/rand/benchmark-A/testset-34-spe.txt,sampling_output_all/rand/benchmark-B/testset-34-sen.txt,sampling_output_all/mcts-seq/benchmark-A/testset-34-spe.txt,sampling_output_all/mcts-seq/benchmark-B/testset-34-sen.txt,sampling_output_all/rand/benchmark-A/testset-24-spe.txt,sampling_output_all/rand/benchmark-B/testset-24-sen.txt,sampling_output_all/mcts-seq/benchmark-A/testset-24-spe.txt,sampling_output_all/mcts-seq/benchmark-B/testset-24-sen.txt
25,25,MAGRSGDSDEELLKAVRLIKFLYQSNPPPNPEGTRQARRNRRRRWRERQRQIHSISERILSTYLGRSAEPVPLQLPPLERLTLDCNEDCGTSGTQGVGSPQILVESPTILESGAKE,GCUUGGUACCGAGCUCGGAUCCACGUAGUAACGGGCCGCCAGUGUGCUGGAAUUCGGGUCGUUCUUG,116,67,48,sampling_output_all/rand/benchmark-A/testset-48-spe.txt,sampling_output_all/rand/benchmark-B/testset-48-sen.txt,sampling_output_all/mcts-seq/benchmark-A/testset-48-spe.txt,sampling_output_all/mcts-seq/benchmark-B/testset-48-sen.txt,sampling_output_all/rand/benchmark-A/testset-25-spe.txt,sampling_output_all/rand/benchmark-B/testset-25-sen.txt,sampling_output_all/mcts-seq/benchmark-A/testset-25-spe.txt,sampling_output_all/mcts-seq/benchmark-B/testset-25-sen.txt
26,26,MSRLDKSKVINSALELLNEVGIEGLTTRKLAQKLGVEQPTLYWHVKNKRALLDALAIEMLDRHHTHFCPLEGESWQDFLRNNAKSFRCALLSHRDGAKVHLGTRPTEKQYETLENQLAFLCQQGFSLENALYALSAVGHFTLGCVLEDQEHQVAKEERETPTTDSMPPLLRQAIELFDHQGAEPAFLFGLELIICGLEKQLKCESGS,CAGGAAACAGCAAGACAAACGAUGGGGAGCGUAAGACUGCGAGUGUCGGA,207,50,12,sampling_output_all/rand/benchmark-A/testset-12-spe.txt,sampling_output_all/rand/benchmark-B/testset-12-sen.txt,sampling_output_all/mcts-seq/benchmark-A/testset-12-spe.txt,sampling_output_all/mcts-seq/benchmark-B/testset-12-sen.txt,sampling_output_all/rand/benchmark-A/testset-26-spe.txt,sampling_output_all/rand/benchmark-B/testset-26-sen.txt,sampling_output_all/mcts-seq/benchmark-A/testset-26-spe.txt,sampling_output_all/mcts-seq/benchmark-B/testset-26-sen.txt
27,27,QSVEESRGGLIKPTDTLTLTCTVSGFSLSSYGEVWDRQAPGNGLEYIGAIGNSGSTYYASWAKSRSTITRNTNLNTVTLKMTSLTAADTATYFCAR,GGGAGAAUUCCGACCAGAAGUUCGAUACGCCGUGGGGUGACGUUGGCUGCCCUUUCCUCUCUCCUCCUUCUUCU,96,74,40,sampling_output_all/rand/benchmark-A/testset-40-spe.txt,sampling_output_all/rand/benchmark-B/testset-40-sen.txt,sampling_output_all/mcts-seq/benchmark-A/testset-40-spe.txt,sampling_output_all/mcts-seq/benchmark-B/testset-40-sen.txt,sampling_output_all/rand/benchmark-A/testset-27-spe.txt,sampling_output_all/rand/benchmark-B/testset-27-sen.txt,sampling_output_all/mcts-seq/benchmark-A/testset-27-spe.txt,sampling_output_all/mcts-seq/benchmark-B/testset-27-sen.txt
28,28,MAWYWWRRRRRRGWWKPRRRRWRRRRARRRGPARRHRARRRIVRHPCNGQTSSGNRVPRSVQAVDPKYVSLQLVWHSWDFRRGLFGQAGIKRMQQESDALTLSPVHRPKRPKRDTQVKEKTPEKDSDSAVQLRRLQPWIHSSQETKDEEEEIPEGPVQEQLLQQLQQQRLLRVQLESIAQEVLKIRRGHSLHPLLSSHA,CCCGGUUACCGUGUUUGUUCUGCUAGAUUUUGGUU,199,35,38,sampling_output_all/rand/benchmark-A/testset-38-spe.txt,sampling_output_all/rand/benchmark-B/testset-38-sen.txt,sampling_output_all/mcts-seq/benchmark-A/testset-38-spe.txt,sampling_output_all/mcts-seq/benchmark-B/testset-38-sen.txt,sampling_output_all/rand/benchmark-A/testset-28-spe.txt,sampling_output_all/rand/benchmark-B/testset-28-sen.txt,sampling_output_all/mcts-seq/benchmark-A/testset-28-spe.txt,sampling_output_all/mcts-seq/benchmark-B/testset-28-sen.txt
29,29,MGRPLHLVLLSASLAGLLLLGESLFIRREQANNILARVTRANSFLEEMKKGHLERECMEETCSYEEAREVFEDSDKTNEFWNKYKDGDQCETSPCQNQGKCKDGLGEYTCTCLEGFEGKNCELFTRKLCSLDNGDCDQFCHEEQNSVVCSCARGYTLADNGKACIPTGPYPCGKQTLERRKRSVAQATSSSGEAPDSITWKPYDAADLDPTENPFDLLDFNQTQPERGDNNLTRIVGGQECKDGECPWQALLINEENEGFCGGTILSEFYILTAAHCLYQAKRFKVRVGDRNTEQEEGGEAVHEVEVVIKHNRFTKETYDFDIAVLRLKTPITFRMNVAPACLPERDWAESTLMTQKTGIVSGFGRTHEKGRQSTRLKMLEVPYVDRNSCKLSSSFIITQNMFCAGYDTKQEDACQGDSGGPHVTRFKDTYFVTGIVSWGEGCARKGKYGIYTKVTAFLKWIDRSMKTRGLPKAKSHAPEVITSSPLK,GUCUAGCUCUAGCCCCUGAUUACUUAAAGUGAUCACACAG,488,40,28,sampling_output_all/rand/benchmark-A/testset-28-spe.txt,sampling_output_all/rand/benchmark-B/testset-28-sen.txt,sampling_output_all/mcts-seq/benchmark-A/testset-28-spe.txt,sampling_output_all/mcts-seq/benchmark-B/testset-28-sen.txt,sampling_output_all/rand/benchmark-A/testset-29-spe.txt,sampling_output_all/rand/benchmark-B/testset-29-sen.txt,sampling_output_all/mcts-seq/benchmark-A/testset-29-spe.txt,sampling_output_all/mcts-seq/benchmark-B/testset-29-sen.txt
30,30,PHITDVVLDKANKTPLRQLDPSRLPDLIFEKAISEPNFSVAYANMCRCLMALKVPTTEKPTVTVNFRKLLLNRCQKEFEKDKDDDEVFEKKQKEMDEAATAEERGRLKEELEEARDIARRRSLGNIKFIGELFKLKMLTEAIMHDCVVKLLKNHDEESLECLCRLLTTIGKDLDFAKAKPRMDQYFNQMEKIIKEKKTSSRIRFMLQDVLDLRQSNWVPRRGDQGPKTIDQIHKEAEMEEHREHIKVQQLMAKGSDKRRGGPPGPPINRGLPLVDDGGWNTVPISKGSRPIDTSRLTKITKPGSIDSNNQLFAPGGRLSWGKGSSGGSGAKPSDTASEATRPATLNRFSALQQTLPAENTDNRRVVQRSSLSRERGEKAGDRGDRLERSERGGDRGDRLDRTRTPATKRSFSKEVEERSRERPSQPEGLRKAASLTEDRGRDPVKREATLPPVSPPKAALSVDEVEKKSKAIIEEYLHLNDMKEAVQCVQELASPSLLFIFVRLGIESTLERSTIAREHMGRLLHQLLCAGHLSTAQYYQGLYETLELAEDMEIDIPHVWLYLAELITPILQEDGVPMGELFREITKPLRPMGKATSLLLEILGLLCKSMGPKKVGMLWREAGLSWREFLAEGQDVGSFVAEKKVEYTLGEESEAPGQRTLAFEELRRQLEKLLKDGGSNQRVFDWIDANLNEQQIASNTLVRALMTTVCYSAIIFETPLRVDVQVLKVRARLLQKYLCDEQKELQALYALQALVVTLEQPANLLRMFFDALYDEDVVKEDAFYSWESSKDPAEQQGKGVALKSVTAFFNWLREAEDEESDHN,GGGACACAAUGGACGCACCUCCGACGCACAGUCGCAGGCUCGAAAGAGACUAAAUGCUAACGGCCGACAUGAGAG,823,75,29,sampling_output_all/rand/benchmark-A/testset-29-spe.txt,sampling_output_all/rand/benchmark-B/testset-29-sen.txt,sampling_output_all/mcts-seq/benchmark-A/testset-29-spe.txt,sampling_output_all/mcts-seq/benchmark-B/testset-29-sen.txt,sampling_output_all/rand/benchmark-A/testset-30-spe.txt,sampling_output_all/rand/benchmark-B/testset-30-sen.txt,sampling_output_all/mcts-seq/benchmark-A/testset-30-spe.txt,sampling_output_all/mcts-seq/benchmark-B/testset-30-sen.txt
31,31,MPFVNKQFNYKDPVNGVDIAYIKIPNVGQMQPVKAFKIHNKIWVIPERDTFTNPEEGDLNPPPEAKQVPVSYYDSTYLSTDNEKDNYLKGVTKLFERIYSTDLGRMLLTSIVRGIPFWGGSTIDTELKVIDTNCINVIQPDGSYRSEELNLVIIGPSADIIQFECKSFGHEVLNLTRNGYGSTQYIRFSPDFTFGFEESLEVDTNPLLGAGKFATDPAVTLAHELIHAGHRLYGIAINPNRVFKVNTNAYYEMSGLEVSFEELRTFGGHDAKFIDSLQENEFRLYYYNKFKDIASTLNKAKSIVGTTASLQYMKNVFKEKYLLSEDTSGKFSVDKLKFDKLYKMLTEIYTEDNFVKFFKVLNRKTYLNFDKAVFKINIVPKVNYTIYDGFNLRNTNLAANFNGQNTEINNMNFTKLKNFTGLFEFYKLLCVRGIITSKTKSLDKGYNKALNDLCIKVNNWDLFFSPSEDNFTNDLNKGEEITSDTNIEAAEENISLDLIQQYYLTFNFDNEPENISIENLSSDIIGQLELMPNIERFPNGKKYELDKYTMFHYLRAQEFEHGKSRIALTNSVNEALLNPSRVYTFFSSDYVKKVNKATEAAMFLGWVEQLVYDFTDETSEVSTTDKIADITIIIPYIGPALNIGNMLYKDDFVGALIFSGAVILLEFIPEIAIPVLGTFALVSYIANKVLTVQTIDNALSKRNEKWDEVYKYIVTNWLAKVNTQIDLIRKKMKEALENQAEATKAIINYQYNQYTEEEKNNINFNIDDLSSKLNESINKAMININKFLNQCSVSYLMNSMIPYGVKRLEDFDASLKDALLKYIYDNRGTLIGQVDRLKDKVNNTLSTDIPFQLSKYVDNQRLLSTFTEYIKNIINTSILNLRYESNHLIDLSRYASKINIGSKVNFDPIDKNQIQLFNLESSKIEVILKNAIVYNSMYENFSTSFWIRIPKYFNSISLNNEYTIINCMENNSGWKVSLNYGEIIWTLQDTQEIKQRVVFKYSQMINISDYINRWIFVTITNNRLNNSKIYINGRLIDQKPISNLGNIHASNNIMFKLDGCRDTHRYIWIKYFNLFDKELNEKEIKDLYDNQSNSGILKDFWGDYLQYDKPYYMLNLYDPNKYVDVNNVGIRGYMYLKGPRGSVMTTNIYLNSSLYRGTKFIIKKYASGNKDNIVRNNDRVYINVVVKNKEYRLATNASQAGVEKILSALEIPDVGNLSQVVVMKSKNDQGITNKCKMNLQDNNGNDIGFIGFHQFNNIAKLVASNWYNRQIERSSRTLGCSWEFIPVDDGWGERPL,ACAACCCGGAACAACGUCUAACAGUGUACCAUAACCCGGCAUUCA,1296,45,0,sampling_output_all/rand/benchmark-A/testset-00-spe.txt,sampling_output_all/rand/benchmark-B/testset-00-sen.txt,sampling_output_all/mcts-seq/benchmark-A/testset-00-spe.txt,sampling_output_all/mcts-seq/benchmark-B/testset-00-sen.txt,sampling_output_all/rand/benchmark-A/testset-31-spe.txt,sampling_output_all/rand/benchmark-B/testset-31-sen.txt,sampling_output_all/mcts-seq/benchmark-A/testset-31-spe.txt,sampling_output_all/mcts-seq/benchmark-B/testset-31-sen.txt
32,32,MWQIVFFTLSCDLVLAAAYNNFRKSMDSIGKKQYQVQHGSCSYTFLLPEMDNCRSSSSPYVSNAVQRDAPLEYDDSVQRLQVLENIMENNTQWLMKLENYIQDNMKKEMVEIQQNAVQNQTAVMIEIGTNLLNQTAEQTRKLTDVEAQVLNQTTRLELQLLEHSLSTNKLEKQILDQTSEINKLQDKNSFLEKKVLAMEDKHIIQLQSIKEEKDQLQVLVSKQNSIIEELEKKIVTATVNNSVLQKQQHDLMETVNNLLTMMSTSNSAKDPTVAKEEQISFRDCAEVFKSGHTTNGIYTLTFPNSTEEIKAYCDMEAGGGGWTIIQRREDGSVDFQRTWKEYKVGFGNPSGEYWLGNEFVSQLTNQQRYVLKIHLKDWEGNEAYSLYEHFYLSSEELNYRIHLKGLTGTAGKISSISQPGNDFSTKDGDNDKCICKCSQMLTGGWWFDACGPSNLNGMYYPQRQNTNKFNGIKWYYWKGSGYSLKATTMMIRPADF,CUCUUUUUGUCCCCGCACGUUGAACUCCUGUCCCUCUACU,496,40,37,sampling_output_all/rand/benchmark-A/testset-37-spe.txt,sampling_output_all/rand/benchmark-B/testset-37-sen.txt,sampling_output_all/mcts-seq/benchmark-A/testset-37-spe.txt,sampling_output_all/mcts-seq/benchmark-B/testset-37-sen.txt,sampling_output_all/rand/benchmark-A/testset-32-spe.txt,sampling_output_all/rand/benchmark-B/testset-32-sen.txt,sampling_output_all/mcts-seq/benchmark-A/testset-32-spe.txt,sampling_output_all/mcts-seq/benchmark-B/testset-32-sen.txt
33,33,MWQIVFFTLSCDLVLAAAYNNFRKSMDSIGKKQYQVQHGSCSYTFLLPEMDNCRSSSSPYVSNAVQRDAPLEYDDSVQRLQVLENIMENNTQWLMKLENYIQDNMKKEMVEIQQNAVQNQTAVMIEIGTNLLNQTAEQTRKLTDVEAQVLNQTTRLELQLLEHSLSTNKLEKQILDQTSEINKLQDKNSFLEKKVLAMEDKHIIQLQSIKEEKDQLQVLVSKQNSIIEELEKKIVTATVNNSVLQKQQHDLMETVNNLLTMMSTSNSAKDPTVAKEEQISFRDCAEVFKSGHTTNGIYTLTFPNSTEEIKAYCDMEAGGGGWTIIQRREDGSVDFQRTWKEYKVGFGNPSGEYWLGNEFVSQLTNQQRYVLKIHLKDWEGNEAYSLYEHFYLSSEELNYRIHLKGLTGTAGKISSISQPGNDFSTKDGDNDKCICKCSQMLTGGWWFDACGPSNLNGMYYPQRQNTNKFNGIKWYYWKGSGYSLKATTMMIRPADF,UGACCAAGCCUCACGUUGAACCUGCCAGUAGACCCCGCCCA,496,41,50,sampling_output_all/rand/benchmark-A/testset-50-spe.txt,sampling_output_all/rand/benchmark-B/testset-50-sen.txt,sampling_output_all/mcts-seq/benchmark-A/testset-50-spe.txt,sampling_output_all/mcts-seq/benchmark-B/testset-50-sen.txt,sampling_output_all/rand/benchmark-A/testset-33-spe.txt,sampling_output_all/rand/benchmark-B/testset-33-sen.txt,sampling_output_all/mcts-seq/benchmark-A/testset-33-spe.txt,sampling_output_all/mcts-seq/benchmark-B/testset-33-sen.txt
34,34,MNLTELKNTPVSELITLGENMGLENLARMRKQDIIFAILKQHAKSGEDIFGDGVLEILQDGFGFLRSADSSYLAGPDDIYVSPSQIRRFNLRTGDTISGKIRPPKEGERYFALLKVNEVNFDKPENARNKILFENLTPLHANSRLRMERGNGSTEDLTARVLDLASPIGRGQRGLIVAPPKAGKTMLLQNIAQSIAYNHPDCVLMVLLIDERPEEVTEMQRLVKGEVVASTFDEPASRHVQVAEMVIEKAKRLVEHKKDVIILLDSITRLARAYNTVVPASGKVLTGGVDANALHRPKRFFGAARNVEEGGSLTIIATALIDTGSKMDEVIYEEFKGTGNMELHLSRKIAEKRVFPAIDYNRSGTRKEELLTTQEELQKMWILRKIIHPMGEIDAMEFLINKLAMTKTNDDFFEMMKRS,AUCGUACAGAGGCAAGCAGAACGCGCGGU,419,29,5,sampling_output_all/rand/benchmark-A/testset-05-spe.txt,sampling_output_all/rand/benchmark-B/testset-05-sen.txt,sampling_output_all/mcts-seq/benchmark-A/testset-05-spe.txt,sampling_output_all/mcts-seq/benchmark-B/testset-05-sen.txt,sampling_output_all/rand/benchmark-A/testset-34-spe.txt,sampling_output_all/rand/benchmark-B/testset-34-sen.txt,sampling_output_all/mcts-seq/benchmark-A/testset-34-spe.txt,sampling_output_all/mcts-seq/benchmark-B/testset-34-sen.txt
35,35,MKTLLLLAVIMIFGLLQAHGNLVNFHRMIKLTTGKEAALSYGFYGCHCGVGGRGSPKDATDRCCVTHDCCYKRLEKRGCGTKFLSYKFSNSGSRITCAKQDSCRSQLCECDKAAATCFARNKTTYNKKYQYYSNKHCRGSTPRC,AAGACGGCCGGCGCCAUAGCCGAGAUCCGAGGUGUUGA,144,38,19,sampling_output_all/rand/benchmark-A/testset-19-spe.txt,sampling_output_all/rand/benchmark-B/testset-19-sen.txt,sampling_output_all/mcts-seq/benchmark-A/testset-19-spe.txt,sampling_output_all/mcts-seq/benchmark-B/testset-19-sen.txt,sampling_output_all/rand/benchmark-A/testset-35-spe.txt,sampling_output_all/rand/benchmark-B/testset-35-sen.txt,sampling_output_all/mcts-seq/benchmark-A/testset-35-spe.txt,sampling_output_all/mcts-seq/benchmark-B/testset-35-sen.txt
36,36,MNLTELKNTPVSELITLGENMGLENLARMRKQDIIFAILKQHAKSGEDIFGDGVLEILQDGFGFLRSADSSYLAGPDDIYVSPSQIRRFNLRTGDTISGKIRPPKEGERYFALLKVNEVNFDKPENARNKILFENLTPLHANSRLRMERGNGSTEDLTARVLDLASPIGRGQRGLIVAPPKAGKTMLLQNIAQSIAYNHPDCVLMVLLIDERPEEVTEMQRLVKGEVVASTFDEPASRHVQVAEMVIEKAKRLVEHKKDVIILLDSITRLARAYNTVVPASGKVLTGGVDANALHRPKRFFGAARNVEEGGSLTIIATALIDTGSKMDEVIYEEFKGTGNMELHLSRKIAEKRVFPAIDYNRSGTRKEELLTTQEELQKMWILRKIIHPMGEIDAMEFLINKLAMTKTNDDFFEMMKRS,ACAAAUCCCCAGGAGUGCAAUACUCCGCAA,419,30,10,sampling_output_all/rand/benchmark-A/testset-10-spe.txt,sampling_output_all/rand/benchmark-B/testset-10-sen.txt,sampling_output_all/mcts-seq/benchmark-A/testset-10-spe.txt,sampling_output_all/mcts-seq/benchmark-B/testset-10-sen.txt,sampling_output_all/rand/benchmark-A/testset-36-spe.txt,sampling_output_all/rand/benchmark-B/testset-36-sen.txt,sampling_output_all/mcts-seq/benchmark-A/testset-36-spe.txt,sampling_output_all/mcts-seq/benchmark-B/testset-36-sen.txt
37,37,MNLTELKNTPVSELITLGENMGLENLARMRKQDIIFAILKQHAKSGEDIFGDGVLEILQDGFGFLRSADSSYLAGPDDIYVSPSQIRRFNLRTGDTISGKIRPPKEGERYFALLKVNEVNFDKPENARNKILFENLTPLHANSRLRMERGNGSTEDLTARVLDLASPIGRGQRGLIVAPPKAGKTMLLQNIAQSIAYNHPDCVLMVLLIDERPEEVTEMQRLVKGEVVASTFDEPASRHVQVAEMVIEKAKRLVEHKKDVIILLDSITRLARAYNTVVPASGKVLTGGVDANALHRPKRFFGAARNVEEGGSLTIIATALIDTGSKMDEVIYEEFKGTGNMELHLSRKIAEKRVFPAIDYNRSGTRKEELLTTQEELQKMWILRKIIHPMGEIDAMEFLINKLAMTKTNDDFFEMMKRS,CUCCAAACUCAUAGCAGAAUUCGCACGGAC,419,30,46,sampling_output_all/rand/benchmark-A/testset-46-spe.txt,sampling_output_all/rand/benchmark-B/testset-46-sen.txt,sampling_output_all/mcts-seq/benchmark-A/testset-46-spe.txt,sampling_output_all/mcts-seq/benchmark-B/testset-46-sen.txt,sampling_output_all/rand/benchmark-A/testset-37-spe.txt,sampling_output_all/rand/benchmark-B/testset-37-sen.txt,sampling_output_all/mcts-seq/benchmark-A/testset-37-spe.txt,sampling_output_all/mcts-seq/benchmark-B/testset-37-sen.txt
38,38,MGVLLTQRTLLSLVLALLFPSMASMAAIGSCSKEYRVLLGQLQKQTDLMQDTSRLLDPYIRIQGLDVPKLREHCRERPGAFPSEETLRGLGRRGFLQTLNATLGCVLHRLADLEQRLPKAQDLERSGLNIEDLEKLQMARPNILGLRNNIYCMAQLLDNSDTAEPTKAGRGASQPPTPTPASDAFQRKLEGCRFLHGYHRFMHSVGRVFSKWGESPNRSRRHSPHQALRKGVRRTRPSRKGKRLMTRGQLPR,UCACCCUGAACCGGCCCAGCAGACUGCUGACGGCACGAU,252,39,25,sampling_output_all/rand/benchmark-A/testset-25-spe.txt,sampling_output_all/rand/benchmark-B/testset-25-sen.txt,sampling_output_all/mcts-seq/benchmark-A/testset-25-spe.txt,sampling_output_all/mcts-seq/benchmark-B/testset-25-sen.txt,sampling_output_all/rand/benchmark-A/testset-38-spe.txt,sampling_output_all/rand/benchmark-B/testset-38-sen.txt,sampling_output_all/mcts-seq/benchmark-A/testset-38-spe.txt,sampling_output_all/mcts-seq/benchmark-B/testset-38-sen.txt
39,39,MAGRSGDSDEELLKAVRLIKFLYQSNPPPNPEGTRQARRNRRRRWRERQRQIHSISERILSTYLGRSAEPVPLQLPPLERLTLDCNEDCGTSGTQGVGSPQILVESPTILESGAKE,GAAUCAACACACAGUCCUGGGGGCGUAACCAUGAACACCCAAGGCCUUAGUGGUAUGUGGUUCUUG,116,66,11,sampling_output_all/rand/benchmark-A/testset-11-spe.txt,sampling_output_all/rand/benchmark-B/testset-11-sen.txt,sampling_output_all/mcts-seq/benchmark-A/testset-11-spe.txt,sampling_output_all/mcts-seq/benchmark-B/testset-11-sen.txt,sampling_output_all/rand/benchmark-A/testset-39-spe.txt,sampling_output_all/rand/benchmark-B/testset-39-sen.txt,sampling_output_all/mcts-seq/benchmark-A/testset-39-spe.txt,sampling_output_all/mcts-seq/benchmark-B/testset-39-sen.txt
40,40,MASTSRLDALPRVTCPNHPDAILVEDYRAGDMICPECDRVIDVGSEWRTFSNDKATKDPSRVGDSQNPLLSDGDLSTMIGKGTGAASFDEFGNSKYQNRRTMSSSDRAMMNAFKEITTMADRINLPRNIVDRTNNLFKQVYEQKSLKGRANDAIASACLYIACRQEGVPRTFKEICAVSRISKKEIGRCFKLILKALETSVDLITTGDFMSRFCSNLCLPKQVQMAATHIA,GGGUUAACAAGAUACCGAGAGAGCUGCAGCAUAAGCCUGCAGAGUGGACCAGUACUACAAGCUUCUGGACUCGGU,231,75,52,sampling_output_all/rand/benchmark-A/testset-52-spe.txt,sampling_output_all/rand/benchmark-B/testset-52-sen.txt,sampling_output_all/mcts-seq/benchmark-A/testset-52-spe.txt,sampling_output_all/mcts-seq/benchmark-B/testset-52-sen.txt,sampling_output_all/rand/benchmark-A/testset-40-spe.txt,sampling_output_all/rand/benchmark-B/testset-40-sen.txt,sampling_output_all/mcts-seq/benchmark-A/testset-40-spe.txt,sampling_output_all/mcts-seq/benchmark-B/testset-40-sen.txt
41,41,MSGGDGRGHNTGAHSTSGNINGGPTGLGVGGGASDGSGWSSENNPWGGGSGSGIHWGGGSGHGNGGGNGNSGGGSGTGGNLSAVAAPVAFGFPALSTPGAGGLAVSISAGALSAAIADIMAALKGPFKFGLWGVALYGVLPSQIAKDDPNMMSKIVTSLPADDITESPVSSLPLDKATVNVNVRVVDDVKDERQNISVVSGVPMSVPVVDAKPTERPGVFTASIPGAPVLNISVNNSTPAVQTLSPGVTNNTDKDVRPAGFTQGGNTRDAVIRFPKDSGHNAVYVSVSDVLSPDQVKQRQDEENRRQQEWDATHPVEAAERNYERARAELNQANEDVARNQERQAKAVQVYNSRKSELDAANKTLADAIAEIKQFNRFAHDPMAGGHRMWQMAGLKAQRAQTDVNNKQAAFDAAAKEKSDADAALSSAMESRKKKEDKKRSAENNLNDEKNKPRKGFKDYGHDYHPAPKTENIKGLGDLKPGIPKTPKQNGGGKRKRWTGDKGRKIYEWDSQHGELEGYRASDGQHLGSFDPKTGNQLKGPDPKRNIKKYL,GUCAGCUGCUCGCGGGAUCGAUCCAUUCGGUGGCCAUGCUCCGGAAGACGGGCCGGCUUCGCAAGACUCAGG,551,72,42,sampling_output_all/rand/benchmark-A/testset-42-spe.txt,sampling_output_all/rand/benchmark-B/testset-42-sen.txt,sampling_output_all/mcts-seq/benchmark-A/testset-42-spe.txt,sampling_output_all/mcts-seq/benchmark-B/testset-42-sen.txt,sampling_output_all/rand/benchmark-A/testset-41-spe.txt,sampling_output_all/rand/benchmark-B/testset-41-sen.txt,sampling_output_all/mcts-seq/benchmark-A/testset-41-spe.txt,sampling_output_all/mcts-seq/benchmark-B/testset-41-sen.txt
42,42,MVKSHIGSWILVLFVAMWSDVGLCKKRPKPGGGWNTGGSRYPGQGSPGGNRYPPQGGGGWGQPHGGGWGQPHGGGWGQPHGGGWGQPHGGGGWGQGGSHSQWNKPSKPKTNMKHVAGAAAAGAVVGGLGGYMLGSAMSRPLIHFGNDYEDRYYRENMYRYPNQVYYRPVDRYSNQNNFVHDCVNITVKQHTVTTTTKGENFTETDIKIMERVVEQMCITQYQRESQAYYQRGASVILFSSPPVILLISFLIFLIVG,GGGCGAAUUCGAGCCUCAAGACGUCGGGGAUUGGCAAACCCCGUUUCCUUGAGCGACCCCCUGUUACUCGGCGGAUCCUCU,256,81,47,sampling_output_all/rand/benchmark-A/testset-47-spe.txt,sampling_output_all/rand/benchmark-B/testset-47-sen.txt,sampling_output_all/mcts-seq/benchmark-A/testset-47-spe.txt,sampling_output_all/mcts-seq/benchmark-B/testset-47-sen.txt,sampling_output_all/rand/benchmark-A/testset-42-spe.txt,sampling_output_all/rand/benchmark-B/testset-42-sen.txt,sampling_output_all/mcts-seq/benchmark-A/testset-42-spe.txt,sampling_output_all/mcts-seq/benchmark-B/testset-42-sen.txt
43,43,MASTSRLDALPRVTCPNHPDAILVEDYRAGDMICPECDRVIDVGSEWRTFSNDKATKDPSRVGDSQNPLLSDGDLSTMIGKGTGAASFDEFGNSKYQNRRTMSSSDRAMMNAFKEITTMADRINLPRNIVDRTNNLFKQVYEQKSLKGRANDAIASACLYIACRQEGVPRTFKEICAVSRISKKEIGRCFKLILKALETSVDLITTGDFMSRFCSNLCLPKQVQMAATHIA,GGCAAAACGCGCCUCAAAUACGUUAAGCGUCUGCAUCCGGAGCACUACAAGCUUCUGGACUCGGU,231,65,31,sampling_output_all/rand/benchmark-A/testset-31-spe.txt,sampling_output_all/rand/benchmark-B/testset-31-sen.txt,sampling_output_all/mcts-seq/benchmark-A/testset-31-spe.txt,sampling_output_all/mcts-seq/benchmark-B/testset-31-sen.txt,sampling_output_all/rand/benchmark-A/testset-43-spe.txt,sampling_output_all/rand/benchmark-B/testset-43-sen.txt,sampling_output_all/mcts-seq/benchmark-A/testset-43-spe.txt,sampling_output_all/mcts-seq/benchmark-B/testset-43-sen.txt
44,44,MAAKVASTSSEEAEGSLVTEGEMGEKALPVVYKRYICSFADCGAAYNKNWKLQAHLCKHTGEKPFPCKEEGCEKGFTSLHHLTRHSLTHTGEKNFTCDSDGCDLRFTTKANMKKHFNRFHNIKICVYVCHFENCGKAFKKHNQLKVHQFSHTQQLPYECPHEGCDKRFSLPSRLKRHEKVHAGYPCKKDDSCSFVGKTWTLYLKHVAECHQDLAVCDVCNRKFRHKDYLRDHQKTHEKERTVYLCPRDGCDRSYTTAFNLRSHIQSFHEEQRPFVCEHAGCGKCFAMKKSLERHSVVHDPEKRKLKEKCPRPKRSLASRLTGYIPPKSKEKNASVSGTEKTDSLVKNKPSGTETNGSLVLDKLTIQ,UAAACCUGCUGGCAGUGUGACCUAAGGACCAAGCCGUUCCUGAGGAACGUC,366,51,20,sampling_output_all/rand/benchmark-A/testset-20-spe.txt,sampling_output_all/rand/benchmark-B/testset-20-sen.txt,sampling_output_all/mcts-seq/benchmark-A/testset-20-spe.txt,sampling_output_all/mcts-seq/benchmark-B/testset-20-sen.txt,sampling_output_all/rand/benchmark-A/testset-44-spe.txt,sampling_output_all/rand/benchmark-B/testset-44-sen.txt,sampling_output_all/mcts-seq/benchmark-A/testset-44-spe.txt,sampling_output_all/mcts-seq/benchmark-B/testset-44-sen.txt
45,45,IMEIRTVAVGIVAIKGVESEYYLAMNKEGKLYAKKECNEDCNFKELILENHYNTYASAKWTHSGGEMFVALNQKGLPVKGKKTKKEQKTAHFLPMAIT,CACCUUAGACCUGUCCUCCAAGCGUGAGUUGCUGUGGCC,98,39,35,sampling_output_all/rand/benchmark-A/testset-35-spe.txt,sampling_output_all/rand/benchmark-B/testset-35-sen.txt,sampling_output_all/mcts-seq/benchmark-A/testset-35-spe.txt,sampling_output_all/mcts-seq/benchmark-B/testset-35-sen.txt,sampling_output_all/rand/benchmark-A/testset-45-spe.txt,sampling_output_all/rand/benchmark-B/testset-45-sen.txt,sampling_output_all/mcts-seq/benchmark-A/testset-45-spe.txt,sampling_output_all/mcts-seq/benchmark-B/testset-45-sen.txt
46,46,MGVLLTQRTLLSLVLALLFPSMASMAAIGSCSKEYRVLLGQLQKQTDLMQDTSRLLDPYIRIQGLDVPKLREHCRERPGAFPSEETLRGLGRRGFLQTLNATLGCVLHRLADLEQRLPKAQDLERSGLNIEDLEKLQMARPNILGLRNNIYCMAQLLDNSDTAEPTKAGRGASQPPTPTPASDAFQRKLEGCRFLHGYHRFMHSVGRVFSKWGESPNRSRRHSPHQALRKGVRRTRPSRKGKRLMTRGQLPR,AGUCUGAGUCAAAUUGUGCCACUCCCACUCCAAUUGCGU,252,39,18,sampling_output_all/rand/benchmark-A/testset-18-spe.txt,sampling_output_all/rand/benchmark-B/testset-18-sen.txt,sampling_output_all/mcts-seq/benchmark-A/testset-18-spe.txt,sampling_output_all/mcts-seq/benchmark-B/testset-18-sen.txt,sampling_output_all/rand/benchmark-A/testset-46-spe.txt,sampling_output_all/rand/benchmark-B/testset-46-sen.txt,sampling_output_all/mcts-seq/benchmark-A/testset-46-spe.txt,sampling_output_all/mcts-seq/benchmark-B/testset-46-sen.txt
47,47,VVIRSNNFTDNAKTIIVQLNESIAINCTRPNNNTRKSIHIGPGRAFYTTGDIIGNIRQAHCNLSRTKWENTLKQIAKKLREQFGNKTIVFNH,UAAUACGACUCACUAUAGGGAGGACGAUGCGGACAUAGUAAUGACACGGAGGAUGGAGAAAAAACAGCCAUCUCUUGACGGUUCGGGCGAGUCGUCUG,92,98,3,sampling_output_all/rand/benchmark-A/testset-03-spe.txt,sampling_output_all/rand/benchmark-B/testset-03-sen.txt,sampling_output_all/mcts-seq/benchmark-A/testset-03-spe.txt,sampling_output_all/mcts-seq/benchmark-B/testset-03-sen.txt,sampling_output_all/rand/benchmark-A/testset-47-spe.txt,sampling_output_all/rand/benchmark-B/testset-47-sen.txt,sampling_output_all/mcts-seq/benchmark-A/testset-47-spe.txt,sampling_output_all/mcts-seq/benchmark-B/testset-47-sen.txt
48,48,MRANDALQVLGLLFSLARGSEVGNSQAVCPGTLNGLSVTGDAENQYQTLYKLYERCEVVMGNLEIVLTGHNADLSFLQWIREVTGYVLVAMNEFSTLPLPNLRVVRGTQVYDGKFAIFVMLNYNTNSSHALRQLRLTQLTEILSGGVYIEKNDKLCHMDTIDWRDIVRDRDAEIVVKDNGRSCPPCHEVCKGRCWGPGSEDCQTLTKTICAPQCNGHCFGPNPNQCCHDECAGGCSGPQDTDCFACRHFNDSGACVPRCPQPLVYNKLTFQLEPNPHTKYQYGGVCVASCPHNFVVDQTSCVRACPPDKMEVDKNGLKMCEPCGGLCPKACEGTGSGSRFQTVDSSNIDGFVNCTKILGNLDFLITGLNGDPWHKIPALDPEKLNVFRTVREITGYLNIQSWPPHMHNFSVFSNLTTIGGRSLYNRGFSLLIMKNLNVTSLGFRSLKEISAGRIYISANRQLCYHHSLNWTKVLRGPTEERLDIKHNRPRRDCVAEGKVCDPLCSSGGCWGPGPGQCLSCRNYSRGGVCVTHCNFLNGEPREFAHEAECFSCHPECQPMEGTATCNGSGSDTCAQCAHFRDGPHCVSSCPHGVLGAKGPIYKYPDVQNECRPCHENCTQGCKGPELQDCLGQTLVLIGKTHLTMALTVIAGLVVIFMMLGGTFLYWRGRRIQNKRAMRRYLERGESIEPLDPSEKANKVLARIFKETELRKLKVLGSGVFGTVHKGVWIPEGESIKIPVCIKVIEDKSGRQSFQAVTDHMLAIGSLDHAHIVRLLGLCPGSSLQLVTQYLPLGSLLDHVRQHRGALGPQLLLNWGVQIAKGMYYLEEHGMVHRNLAARNVLLKSPSQVQVADFGVADLLPPDDKQLLYSEAKTPIKWMALESIHFGKYTHQSDVWSYGVTVWELMTFGAEPYAGLRLAEVPDLLEKGERLAQPQICTIDVYMVMVKCWMIDENIRPTFKELANEFTRMARDPPRYLVIKRESGPGIAPGPEPHGLTNKKLEEVELEPELDLDLDLEAEEDNLATTTLGSALSLPVGTLNRPRGSQSLLSPSSGYMPMNQGNLGESCQESAVSGSSERCPRPVSLHPMPRGCLASESSEGHVTGSEAELQEKVSMCRSRSRSRSPRPRGDSAYHSQRHSLLTPVTPLSPPGLEEEDVNGYVMPDTHLKGTPSSREGTLSSVGLSSVLGTEEEDEDEEYEYMNRRRRHSPPHPPRPSSLEELGYEYMDVGSDLSASLGSTQSCPLHPVPIMPTAGTTPDEDYEYMNRQRDGGGPGGDYAAMGACPASEQGYEEMRAFQGPGHQAPHVHYARLKTLRSLEATDSAFDNPDYWHSRLFPKANAQRT,CAGCGAAAGUUGCGUAUGGGUCACAUCGCAGGCACAUGUCAUCUGGGCG,1342,49,1,sampling_output_all/rand/benchmark-A/testset-01-spe.txt,sampling_output_all/rand/benchmark-B/testset-01-sen.txt,sampling_output_all/mcts-seq/benchmark-A/testset-01-spe.txt,sampling_output_all/mcts-seq/benchmark-B/testset-01-sen.txt,sampling_output_all/rand/benchmark-A/testset-48-spe.txt,sampling_output_all/rand/benchmark-B/testset-48-sen.txt,sampling_output_all/mcts-seq/benchmark-A/testset-48-spe.txt,sampling_output_all/mcts-seq/benchmark-B/testset-48-sen.txt
49,49,MQQGQMAYDRAITVFSPDGRLFQVEYAREAVKKGSTALGMKFANGVLLISDKKVRSRLIEQNSIEKIQLIDDYVAAVTSGLVADARVLVDFARISAQQEKVTYGSLVNIENLVKRVADQMQQYTQYGGVRPYGVSLIFAGIDQIGPRLFDCDPAGTINEYKATAIGSGKDAVVSFLEREYKENLPEKEAVTLGIKALKSSLEEGEELKAPEIASITVGNKYRIYDQEEVKKFL,AUCAGCCAUGUUUACGUCACUCCUUGUCAAUCCUCAUCGG,233,40,17,sampling_output_all/rand/benchmark-A/testset-17-spe.txt,sampling_output_all/rand/benchmark-B/testset-17-sen.txt,sampling_output_all/mcts-seq/benchmark-A/testset-17-spe.txt,sampling_output_all/mcts-seq/benchmark-B/testset-17-sen.txt,sampling_output_all/rand/benchmark-A/testset-49-spe.txt,sampling_output_all/rand/benchmark-B/testset-49-sen.txt,sampling_output_all/mcts-seq/benchmark-A/testset-49-spe.txt,sampling_output_all/mcts-seq/benchmark-B/testset-49-sen.txt
50,50,MNLTELKNTPVSELITLGENMGLENLARMRKQDIIFAILKQHAKSGEDIFGDGVLEILQDGFGFLRSADSSYLAGPDDIYVSPSQIRRFNLRTGDTISGKIRPPKEGERYFALLKVNEVNFDKPENARNKILFENLTPLHANSRLRMERGNGSTEDLTARVLDLASPIGRGQRGLIVAPPKAGKTMLLQNIAQSIAYNHPDCVLMVLLIDERPEEVTEMQRLVKGEVVASTFDEPASRHVQVAEMVIEKAKRLVEHKKDVIILLDSITRLARAYNTVVPASGKVLTGGVDANALHRPKRFFGAARNVEEGGSLTIIATALIDTGSKMDEVIYEEFKGTGNMELHLSRKIAEKRVFPAIDYNRSGTRKEELLTTQEELQKMWILRKIIHPMGEIDAMEFLINKLAMTKTNDDFFEMMKRS,AACAUAUCCCCAGCCAUGCAACGUGGCGAA,419,30,6,sampling_output_all/rand/benchmark-A/testset-06-spe.txt,sampling_output_all/rand/benchmark-B/testset-06-sen.txt,sampling_output_all/mcts-seq/benchmark-A/testset-06-spe.txt,sampling_output_all/mcts-seq/benchmark-B/testset-06-sen.txt,sampling_output_all/rand/benchmark-A/testset-50-spe.txt,sampling_output_all/rand/benchmark-B/testset-50-sen.txt,sampling_output_all/mcts-seq/benchmark-A/testset-50-spe.txt,sampling_output_all/mcts-seq/benchmark-B/testset-50-sen.txt
51,51,MASTSRLDALPRVTCPNHPDAILVEDYRAGDMICPECDRVIDVGSEWRTFSNDKATKDPSRVGDSQNPLLSDGDLSTMIGKGTGAASFDEFGNSKYQNRRTMSSSDRAMMNAFKEITTMADRINLPRNIVDRTNNLFKQVYEQKSLKGRANDAIASACLYIACRQEGVPRTFKEICAVSRISKKEIGRCFKLILKALETSVDLITTGDFMSRFCSNLCLPKQVQMAATHIA,GGUGAUCGCACAGACACGGGCACUGAUGCGGCUCCCGUACAUAGGCCGGUAGUACUACAAGCUUCUGGACUCGGU,231,75,36,sampling_output_all/rand/benchmark-A/testset-36-spe.txt,sampling_output_all/rand/benchmark-B/testset-36-sen.txt,sampling_output_all/mcts-seq/benchmark-A/testset-36-spe.txt,sampling_output_all/mcts-seq/benchmark-B/testset-36-sen.txt,sampling_output_all/rand/benchmark-A/testset-51-spe.txt,sampling_output_all/rand/benchmark-B/testset-51-sen.txt,sampling_output_all/mcts-seq/benchmark-A/testset-51-spe.txt,sampling_output_all/mcts-seq/benchmark-B/testset-51-sen.txt
52,52,MSRLDKSKVINSALELLNEVGIEGLTTRKLAQKLGVEQPTLYWHVKNKRALLDALAIEMLDRHHTHFCPLEGESWQDFLRNNAKSFRCALLSHRDGAKVHLGTRPTEKQYETLENQLAFLCQQGFSLENALYALSAVGHFTLGCVLEDQEHQVAKEERETPTTDSMPPLLRQAIELFDHQGAEPAFLFGLELIICGLEKQLKCESGS,CUUGCUGCAGAGGGUCCAGAAUAUGUGUGACACUGCGUCGACGGGUUAAG,207,50,32,sampling_output_all/rand/benchmark-A/testset-32-spe.txt,sampling_output_all/rand/benchmark-B/testset-32-sen.txt,sampling_output_all/mcts-seq/benchmark-A/testset-32-spe.txt,sampling_output_all/mcts-seq/benchmark-B/testset-32-sen.txt,sampling_output_all/rand/benchmark-A/testset-52-spe.txt,sampling_output_all/rand/benchmark-B/testset-52-sen.txt,sampling_output_all/mcts-seq/benchmark-A/testset-52-spe.txt,sampling_output_all/mcts-seq/benchmark-B/testset-52-sen.txt
53,53,MAGRSGDSDEELLKAVRLIKFLYQSNPPPNPEGTRQARRNRRRRWRERQRQIHSISERILSTYLGRSAEPVPLQLPPLERLTLDCNEDCGTSGTQGVGSPQILVESPTILESGAKE,GCUAGGCAAUGAAACGGUUGGAGUAAUCCGGUGGCUUGCCAUGAUUUACGUGAGUGCUGAUCCGUGAUG,116,69,55,sampling_output_all/rand/benchmark-A/testset-55-spe.txt,sampling_output_all/rand/benchmark-B/testset-55-sen.txt,sampling_output_all/mcts-seq/benchmark-A/testset-55-spe.txt,sampling_output_all/mcts-seq/benchmark-B/testset-55-sen.txt,sampling_output_all/rand/benchmark-A/testset-53-spe.txt,sampling_output_all/rand/benchmark-B/testset-53-sen.txt,sampling_output_all/mcts-seq/benchmark-A/testset-53-spe.txt,sampling_output_all/mcts-seq/benchmark-B/testset-53-sen.txt
54,54,MAGRSGDSDEELLKAVRLIKFLYQSNPPPNPEGTRQARRNRRRRWRERQRQIHSISERILSTYLGRSAEPVPLQLPPLERLTLDCNEDCGTSGTQGVGSPQILVESPTILESGAKE,GUAUUCUCGGUGGUUUAAUCAGAGUAGAGGAGGCUGACUCCUUUGGUUGGACGACGGUGGAGGUUCUUCUUG,116,72,41,sampling_output_all/rand/benchmark-A/testset-41-spe.txt,sampling_output_all/rand/benchmark-B/testset-41-sen.txt,sampling_output_all/mcts-seq/benchmark-A/testset-41-spe.txt,sampling_output_all/mcts-seq/benchmark-B/testset-41-sen.txt,sampling_output_all/rand/benchmark-A/testset-54-spe.txt,sampling_output_all/rand/benchmark-B/testset-54-sen.txt,sampling_output_all/mcts-seq/benchmark-A/testset-54-spe.txt,sampling_output_all/mcts-seq/benchmark-B/testset-54-sen.txt
55,55,MQMSPALTCLVLGLALVFGEGSAVHHPPSYVAHLASDFGVRVFQQVAQASKDRNVVFSPYGVASVLAMLQLTTGGETQQQIQAAMGFKIDDKGMAPALRHLYKELMGPWNKDEISTTDAIFVQRDLKLVQGFMPHFFRLFRSTVKQVDFSEVERARFIINDWVKTHTKGMISNLLGKGAVDQLTRLVLVNALYFNGQWKTPFPDSSTHRRLFHKSDGSTVSVPMMAQTNKFNYTEFTTPDGHYYDILELPYHGDTLSMFIAAPYEKEVPLSALTNILSAQLISHWKGNMTRLPRLLVLPKFSLETEVDLRKPLENLGMTDMFRQFQADFTSLSDQEPLHVAQALQKVKIEVNESGTVASSSTAVIVSARMAPEEIIMDRPFLFVVRHNPTGTVLFMGQVMEP,GGGGCCACCAACGACAUUUAUCGAAUUGAUAACCUUACGCGAGAGCGUAGUUCGUUGAUAUAAAUAGUGCCCAUGGAUC,402,79,26,sampling_output_all/rand/benchmark-A/testset-26-spe.txt,sampling_output_all/rand/benchmark-B/testset-26-sen.txt,sampling_output_all/mcts-seq/benchmark-A/testset-26-spe.txt,sampling_output_all/mcts-seq/benchmark-B/testset-26-sen.txt,sampling_output_all/rand/benchmark-A/testset-55-spe.txt,sampling_output_all/rand/benchmark-B/testset-55-sen.txt,sampling_output_all/mcts-seq/benchmark-A/testset-55-spe.txt,sampling_output_all/mcts-seq/benchmark-B/testset-55-sen.txt
