test-ID,protein-ID,rna-ID,protein,protein-length,rna,rna-length
0,Bovine_factor_IX,17030508-Bovine factor IX-1,MQRVNMIMAESPGLITICLLGYLLSAECTVFLDHENANKILNRPKRYNSGKLEEFVQGNLERECMEEKCSFEEAREVFENTERTTEFWKQYVDGDQCESNPCLNGGSCKDDINSYECWCPFGFEGKNCELDVTCNIKNGRCEQFCKNSADNKVVCSCTEGYRLAENQKSCEPAVPFPCGRVSVSQTSKLTRAETVFPDVDYVNSTEAETILDNITQSTQSFNDFTRVVGGEDAKPGQFPWQVVLNGKVDAFCGGSIVNEKWIVTAAHCVETGVKITVVAGEHNIEETEHTEQKRNVIRIIPHHNYNAAINKYNHDIALLELDEPLVLNSYVTPICIADKEYTNIFLKFGSGYVSGWGRVFHKGRSALVLQYLRVPLVDRATCLRSTKFTIYNNMFCAGFHEGGRDSCQGDSGGPHVTEVEGTSFLTGIISWGEECAMKGKYGIYTKVSRYVNWIKEKTKLT,461,GGGAGCUCAGCCUUCACUGCCUACGCGGGCGUUUACGUAACGGCUUAUGGGGAGCUGAGCGCUUGAUCGUGGUAGUGCGAAGCCAGUAAACGAGGGCACCACGGUCGGAUCCAC,114
1,Bovine_factor_IX,17030508-Bovine factor IX-Ma-1,MQRVNMIMAESPGLITICLLGYLLSAECTVFLDHENANKILNRPKRYNSGKLEEFVQGNLERECMEEKCSFEEAREVFENTERTTEFWKQYVDGDQCESNPCLNGGSCKDDINSYECWCPFGFEGKNCELDVTCNIKNGRCEQFCKNSADNKVVCSCTEGYRLAENQKSCEPAVPFPCGRVSVSQTSKLTRAETVFPDVDYVNSTEAETILDNITQSTQSFNDFTRVVGGEDAKPGQFPWQVVLNGKVDAFCGGSIVNEKWIVTAAHCVETGVKITVVAGEHNIEETEHTEQKRNVIRIIPHHNYNAAINKYNHDIALLELDEPLVLNSYVTPICIADKEYTNIFLKFGSGYVSGWGRVFHKGRSALVLQYLRVPLVDRATCLRSTKFTIYNNMFCAGFHEGGRDSCQGDSGGPHVTEVEGTSFLTGIISWGEECAMKGKYGIYTKVSRYVNWIKEKTKLT,461,GGGAUCGUGGUAGUGCGAAGCCAGUAAACGAGGGCACCACGGUCC,45
2,oligoadenylate_synthetase,9452437-oligoadenylatesynthetase-4,MAVAQELYGFPASKLDSFVAQWLQPTREWKEEVLETVQTVEQFLRQENFREDRGPARDVRVLKVLKVGCFGNGTVLRSTTDVELVVFLSCFHSFQEEAKHHQAVLRLIQKRMYYCQELMDLGLSNLSVTNRVPSSLIFTIQTRETWETITVTVVPAYRALGPSCPSSEVYANLIKANGYPGNFSPSFSELQRNFVKHRPTKLKSLLRLVKHWYQQYVRDKCPRANLPPLYALELLTVYAWEAGTREDANFRLDEGLATVMELLQDHELLCIYWTKHYTLQHPVIEACVRRQLRGQRPIILDPADPTNNVAEGYRWDIVAQRANQCLKQDCCYDNRDSPVPSWRVKRAPDIQVTVQEWGHSDLTFWVNPYEPIKKLKEKIQLSQGYLGLQRLSFQEPGGERQLIRSHCTLAYYGIFCDTHICLLDTISPEIQVFVKNPDGRSHAYAIHPLDYVLNLKQQIEDRQGLRCQEQRLEFQGHILEDWFDFKSYGIQDSVTVILSKTTEGAAPFVPS,511,UAUCCUCGCCCGUGCACGCCCUCCACUAAGCCCA,34
3,Envelope_glycoprotein_GP120,14610191-gp120-10,LLNGSLAEEIVIRTENIADNTKDIIVQFNKTVSIACTRPHNNTRRGIHIGPGQAFYATGDIIGDIRQAHCNVSGENWTETMEWVKAKLEKTFNVTNITFEPPITGGDLEITTHSFNCRGEFFYCNTSKLFNSSELNSIKGKENYTIILPCRIKQFVRMWQRVGQAMYAPPIEGNITCISNITGLILTRDGGINRTNDTFRPGGGDMRDNWRRKL,214,GUUUAUAUAUACACAGGUUAAGCGUAACUUCGCUGGACAGCAAGAAUCCU,50
4,Envelope_glycoprotein_GP120,14610191-gp120-9,LLNGSLAEEIVIRTENIADNTKDIIVQFNKTVSIACTRPHNNTRRGIHIGPGQAFYATGDIIGDIRQAHCNVSGENWTETMEWVKAKLEKTFNVTNITFEPPITGGDLEITTHSFNCRGEFFYCNTSKLFNSSELNSIKGKENYTIILPCRIKQFVRMWQRVGQAMYAPPIEGNITCISNITGLILTRDGGINRTNDTFRPGGGDMRDNWRRKL,214,CACCUACCUAAUUAUUAAACUUUGGGCAGUAUCCCGCUUUGCUUCUUAUC,50
5,Envelope_glycoprotein_GP120,14610191-gp120-13,LLNGSLAEEIVIRTENIADNTKDIIVQFNKTVSIACTRPHNNTRRGIHIGPGQAFYATGDIIGDIRQAHCNVSGENWTETMEWVKAKLEKTFNVTNITFEPPITGGDLEITTHSFNCRGEFFYCNTSKLFNSSELNSIKGKENYTIILPCRIKQFVRMWQRVGQAMYAPPIEGNITCISNITGLILTRDGGINRTNDTFRPGGGDMRDNWRRKL,214,CUUCUCCCUUGAGGGCCCCAUGACCUGACUGUAGAUAUCUGCCCUCGAG,49
6,Envelope_glycoprotein_GP120,14610191-gp120-14,LLNGSLAEEIVIRTENIADNTKDIIVQFNKTVSIACTRPHNNTRRGIHIGPGQAFYATGDIIGDIRQAHCNVSGENWTETMEWVKAKLEKTFNVTNITFEPPITGGDLEITTHSFNCRGEFFYCNTSKLFNSSELNSIKGKENYTIILPCRIKQFVRMWQRVGQAMYAPPIEGNITCISNITGLILTRDGGINRTNDTFRPGGGDMRDNWRRKL,214,UGUGGGCCACGCCCGAUUUUACGCUUUUACCCGCACGCGAUUGGUUUGUU,50
7,Envelope_glycoprotein_GP120,14610191-gp120-18,LLNGSLAEEIVIRTENIADNTKDIIVQFNKTVSIACTRPHNNTRRGIHIGPGQAFYATGDIIGDIRQAHCNVSGENWTETMEWVKAKLEKTFNVTNITFEPPITGGDLEITTHSFNCRGEFFYCNTSKLFNSSELNSIKGKENYTIILPCRIKQFVRMWQRVGQAMYAPPIEGNITCISNITGLILTRDGGINRTNDTFRPGGGDMRDNWRRKL,214,CCCGUACCACCACACCCUAUGCACAUCGUUGUUUGUCGUCUUUCCCGCAU,50
8,Cytohesin_1,11320245-Cytohesin 1-2,MEDDDSYVPSDLTAEERQELENIRRRKQELLADIQRLKEEIAEVANEIESLGSTEERKNMQRNKQVAMGRKKFNMDPKKGIQFLIENGLLKNTCEDIAQFLYKGEGLNKTAIGDYLGERDEFSIQVLHAFVELHEFTDLNLVQALRQFLWSFRLPGEAQKIDRMMEAFAQRYCQCNTGVFQSTDTCYVLSFAIIMLNTSLHNPNVKDKPTVERFIAMNRGINDGGDLPEELLRNLYESIKNEPFKIPVWFFLQNLYESIKNEPFKIPEDDGNDLTHTFFNPDREGWLLKLGGGRVKTWKRRWFILTDNCLYYFEYTTDKEPRGIIPLENLSIREVEDSKKPNCFELYIPDNKDQVIKACKTEADGRVVEGNHTVYRISAPTPEEKEDWIKCIKAAISRDPFYEMLAARKKKVSSTKRH,418,UGUUGUUGGACCAGUGUUAUUUUACGCGAUUGUGCGGUUGUGA,43
9,RNA_polymerase,18388495-RNAPol-2,SRWDSTQQRAVLAAAVEIMVKFSSQPHLAQVVAEDLLSPSVMDVGDFKISITEGLPSGVPCTSQWNSIAHWLLTLCALSETTNLSPDIIQANSLFSFYG,99,GCUAUCAUCAUUAACUUUAUUUAUUACCGUCAUUCAUUUCUGAAUGUCUGUUUACCCCUAUUUCAACCGGUUUUUUUU,78
10,CD4,9605115-CD4Antigen-2,MNRGVPFRHLLLVLQLALLPAATQGKKVVLGKKGDTVELTCTASQKKSIQFHWKNSNQIKILGNQGSFLTKGPSKLNDRADSRRSLWDQGNFPLIIKNLKIEDSDTYICEVEDQKEEVQLLVFGLTANSDTHLLQGQSLTLTLESPPGSSPSVQCRSPRGKNIQGGKTLSVSQLELQDSGTWTCTVLQNQKKVEFKIDIVVLAFQKASSIVYKKEGEQVEFSFPLAFTVEKLTGSGELWWQAERASSSKSWITFDLKNKEVSVKRVTQDPKLQMGKKLPLHLTLPQALPQYAGSGNLTLALEAKTGKLHQEVNLVVMRATQLQKNLTCEVWGPTSPKLMLSLKLENKEAKVSKREKAVWVLNPEAGMWQCLLSDSGQVLLESNIKVLPTWSTPVQPMALIVLGGVAGLLLFIGLGIFFCVRCRHRRRQAERMSQIKRLLSEKKTCQCPHRFQKTCSPI,458,CUCAGAGACAGAGCAGAAAGGACAGUUCAAGCGACA,36
11,CD4,9605115-CD4Antigen-9,MNRGVPFRHLLLVLQLALLPAATQGKKVVLGKKGDTVELTCTASQKKSIQFHWKNSNQIKILGNQGSFLTKGPSKLNDRADSRRSLWDQGNFPLIIKNLKIEDSDTYICEVEDQKEEVQLLVFGLTANSDTHLLQGQSLTLTLESPPGSSPSVQCRSPRGKNIQGGKTLSVSQLELQDSGTWTCTVLQNQKKVEFKIDIVVLAFQKASSIVYKKEGEQVEFSFPLAFTVEKLTGSGELWWQAERASSSKSWITFDLKNKEVSVKRVTQDPKLQMGKKLPLHLTLPQALPQYAGSGNLTLALEAKTGKLHQEVNLVVMRATQLQKNLTCEVWGPTSPKLMLSLKLENKEAKVSKREKAVWVLNPEAGMWQCLLSDSGQVLLESNIKVLPTWSTPVQPMALIVLGGVAGLLLFIGLGIFFCVRCRHRRRQAERMSQIKRLLSEKKTCQCPHRFQKTCSPI,458,GUAGUCAAAAGUCAUACAGCUCUACCAACAGCUCGA,36
12,Human_interleukin-23,17155909-Human interleukin-23-2,MNQVTIQWDAVIALYILFSWCHGGITNINCSGHIWVEPATIFKMGMNISIYCQAAIKNCQPRKLHFYKNGIKERFQITRINKTTARLWYKNFLEPHASMYCTAECPKHFQETLICGKDISSGYPPDIPDEVTCVIYEYSGNMTCTWNAGKLTYIDTKYVVHVKSLETEEEQQYLTSSYINISTDSLQGGKKYLVWVQAANALGMEESKQLQIHLDDIVIPSAAVISRAETINATVPKTIIYWDSQTTIEKVSCEMRYKATTNQTWNVKEFDTNFTYVQQSEFYLEPNIKYVFQVRCQETGKRYWQPWSSLFFHKTPETVPQVTSKAFQHDTWNSGLTVASISTGHLTSDNRGDIGLLLGMIVFAVMLSILSLIGIFNRSFRTGIKRRILLLIPKWLYEDIPNMKNSNVVKMLQENSELMNNNSSEQVLYVDPMITEIKEIFIPEHKPTDYKKENTGPLETRDYPQNSLFDNTTVVYIPDLNTGYKPQISNFLPEGSHLSNNNEITSLTLKPPVDSLDSGNNPRLQKHPNFAFSVSSVNSLSNTIFLGELSLILNQGECSSPDIQNSVEEETTMLLENDSPSETIPEQTLLPDEFVSCLGIVNEELPSINTYFPQNILESHFNRISLLEK,629,GGGAGAGGAGAGAACGUUCUACAGCGCCGGUGGGCGGGCAUUGGGUGGAUGCGCUGUCGAUCGAUCGAUCGAUG,74
13,NFkappaB_p65,18426920-NFkB-Ma-2,MDELFPLIFPAEPAQASGPYVEIIEQPKQRGMRFRYKCEGRSAGSIPGERSTDTTKTHPTIKINGYTGPGTVRISLVTKDPPHRPHPHELVGKDCRDGFYEAELCPDRCIHSFQNLGIQCVKKRDLEQAISQRIQTNNNPFQVPIEEQRGDYDLNAVRLCFQVTVRDPSGRPLRLPPVLSHPIFDNRAPNTAELKICRVNRNSGSCLGGDEIFLLCDKVQKEDIEVYFTGPGWEARGSFSQADVHRQVAIVFRTPPYADPSLQAPVRVSMQLRRPSDRELSEPMEFQYLPDTDDRHRIEEKRKRTYETFKSIMKKSPFSGPTDPRPPPRRIAVPSRSSASVPKPAPQPYPFTSSLSTINYDEFPTMVFPSGQISQASALAPAPPQVLPQAPAPAPAPAMVSALAQAPAPVPVLAPGPPQAVAPPAPKPTQAGEGTLSEALLQLQFDDEDLGALLGNSTDPAVFTDLASVDNSEFQQLLNQGIPVAPHTTEPMLMEYPEAITRLVTGAQRPPDPAPAPLGAPGLPNGLLSGDEDFSSIADMDFSALLSQISS,551,AAGAAGGACAGCACGAAUAAAACCUGCGUAAAUCCGCCCCAUUUGUGUAAGGGUAGUGGG,60
14,full-length_sheep_prion_protein_PrP23-234_V136_R154_Q171,16799875-VRQ recPrP-2,MVKSHIGSWILVLFVAMWSDVGLCKKRPKPGGGWNTGGSRYPGQGSPGGNRYPPQGGGGWGQPHGGGWGQPHGGGWGQPHGGGWGQPHGGGGWGQGGSHSQWNKPSKPKTNMKHVAGAAAAGAVVGGLGGYMLGSAMSRPLIHFGNDYEDRYYRENMYRYPNQVYYRPVDRYSNQNNFVHDCVNITVKQHTVTTTTKGENFTETDIKIMERVVEQMCITQYQRESQAYYQRGASVILFSSPPVILLISFLIFLIVG,256,GGGCGAAUUCGAGCCUCAAGUGCCAUGAGUGAAAUAAAACCAUCCGGAACUAAGACUGCGCUGUUACUCGGCGGAUCCUCU,81
15,HIV-1_Rev_binding_protein,8755498-HIV-1 Rev-16,MAGRSGDSDEELLKAVRLIKFLYQSNPPPNPEGTRQARRNRRRRWRERQRQIHSISERILSTYLGRSAEPVPLQLPPLERLTLDCNEDCGTSGTQGVGSPQILVESPTILESGAKE,116,AGGACUGAAAUAUUCACGUUGACGUUGUCUUGGAGUGCUGAUCGGAAAACCAAUAUGAUUAAGGGUCCUG,70
16,dsRNA_activated_protein_kinase,9572845-PKR protein-5,MDSTNYISKLFEYAQRQGQISDIKFEEVGTDGPDHLKTFTLRVVIKGHAYPNGVGKTKKEAKRNAAKHALIGMMETTEQKDASVSCPPSPAPSPAPPVRAVISQPKYVSWLNEHSQKNKLSLKALEGARVGPNNTSQCCRYVVGEKEYPEGFGNTKKEAKEEAAMQVYLELCGGSQTTGTVDENCNGTTGKHKEELNGKVVVLSEKVEHMNMSPAQNVPEQYSFITTEETNFIGILNHYCQKTKRFLDFKLVEKSGPSHNPQFVYKVLIDKREYPDGLGKTAKEAKQQAAQLAWSALQEQSDWNSQVSCRSTVSEEGGLSSLTPSSTWESQDATPSSLSIAGSTSESIIFSDSVNVSSPKDESPVNVKPKIRLAANFQMSPVKTKQEGPNLKGNDLGTLSSGRTSNQPVISRFSSEFDSIENIGKGGFGHVYKARRKLEQKYFAVKIVRSKGKAKREVGALADLQHPNIVRYYTAWLEDTAYRCDTASESDTTSDSGSSSSSEFLYIQMELCDKRTLKVWIDERNAHRKPKRREESLSITQQIVNGVEYIHSKKLLHRDLKPANIMFGMSDGEGKGEVKIGDFGLVTAEDNDNDENLLERTKKTGTVSYMAPEQRNQTSYDRKVDIFALGLIYFEPLWDLSGMEKAKVWNDVRSQRFPQQFNSQFTLENKVIESLLCANPEERPDARQLKTKLNECSRVLTRVHNIHQDNRTI,713,UGUUUGGCUUGGCUCUGCAUCGACAGGUGGUU,32
17,E.Coli_rho_factor,7678562-E.Coli rho factor-17,MNLTELKNTPVSELITLGENMGLENLARMRKQDIIFAILKQHAKSGEDIFGDGVLEILQDGFGFLRSADSSYLAGPDDIYVSPSQIRRFNLRTGDTISGKIRPPKEGERYFALLKVNEVNFDKPENARNKILFENLTPLHANSRLRMERGNGSTEDLTARVLDLASPIGRGQRGLIVAPPKAGKTMLLQNIAQSIAYNHPDCVLMVLLIDERPEEVTEMQRLVKGEVVASTFDEPASRHVQVAEMVIEKAKRLVEHKKDVIILLDSITRLARAYNTVVPASGKVLTGGVDANALHRPKRFFGAARNVEEGGSLTIIATALIDTGSKMDEVIYEEFKGTGNMELHLSRKIAEKRVFPAIDYNRSGTRKEELLTTQEELQKMWILRKIIHPMGEIDAMEFLINKLAMTKTNDDFFEMMKRS,419,AAUAGCAAAAAAAAACAUGAAGUGCAACGC,30
18,full-length_sheep_prion_protein_PrP23-234_V136_R154_Q171,16799875-ARR recPrP-2,MVKSHIGSWILVLFVAMWSDVGLCKKRPKPGGGWNTGGSRYPGQGSPGGNRYPPQGGGGWGQPHGGGWGQPHGGGWGQPHGGGWGQPHGGGGWGQGGSHSQWNKPSKPKTNMKHVAGAAAAGAVVGGLGGYMLGSAMSRPLIHFGNDYEDRYYRENMYRYPNQVYYRPVDRYSNQNNFVHDCVNITVKQHTVTTTTKGENFTETDIKIMERVVEQMCITQYQRESQAYYQRGASVILFSSPPVILLISFLIFLIVG,256,GGGCGAAUUCGAGCCUCAAGAGUAGCAACAGAAUUGGAUCCCGACCACUAAGAACCCGGCCUGUUACUCGGCGGAUCCUCU,81
19,mouse_CCL1_chemokine_mCCL1,16930539-CCL1-1,MKPTAMALMCLLLAAVWIQDVDSKSMLTVSNSCCLNTLKKELPLKFIQCYRKMGSSCPDPPAVVFRLNKGRESCASTNKTWVQNHLKKVNPC,92,UGACUCCUCUGACAGCCUAAUUUCUCCCGAUUACCCUG,38
20,Colicin_E3,15023071-Colicin E3-2,MSGGDGRGHNTGAHSTSGNINGGPTGLGVGGGASDGSGWSSENNPWGGGSGSGIHWGGGSGHGNGGGNGNSGGGSGTGGNLSAVAAPVAFGFPALSTPGAGGLAVSISAGALSAAIADIMAALKGPFKFGLWGVALYGVLPSQIAKDDPNMMSKIVTSLPADDITESPVSSLPLDKATVNVNVRVVDDVKDERQNISVVSGVPMSVPVVDAKPTERPGVFTASIPGAPVLNISVNNSTPAVQTLSPGVTNNTDKDVRPAGFTQGGNTRDAVIRFPKDSGHNAVYVSVSDVLSPDQVKQRQDEENRRQQEWDATHPVEAAERNYERARAELNQANEDVARNQERQAKAVQVYNSRKSELDAANKTLADAIAEIKQFNRFAHDPMAGGHRMWQMAGLKAQRAQTDVNNKQAAFDAAAKEKSDADAALSSAMESRKKKEDKKRSAENNLNDEKNKPRKGFKDYGHDYHPAPKTENIKGLGDLKPGIPKTPKQNGGGKRKRWTGDKGRKIYEWDSQHGELEGYRASDGQHLGSFDPKTGNQLKGPDPKRNIKKYL,551,UCCCUGGCCCAAGAUCCUAAUAAAGUUUUUUCGGACCGGAGCGAAACCACUAUCCUCUUAAGCAAUCUGU,70
21,hnps_PLA2,9526554-hnps_PLA2-4,MKTLLLLAVIMIFGLLQAHGNLVNFHRMIKLTTGKEAALSYGFYGCHCGVGGRGSPKDATDRCCVTHDCCYKRLEKRGCGTKFLSYKFSNSGSRITCAKQDSCRSQLCECDKAAATCFARNKTTYNKKYQYYSNKHCRGSTPRC,144,AAGACGGCCGGCGCCAUAGCCGAGAUCCGAGGUUGUAC,38
22,TetR,20545348-TetR-4,MSRLDKSKVINSALELLNEVGIEGLTTRKLAQKLGVEQPTLYWHVKNKRALLDALAIEMLDRHHTHFCPLEGESWQDFLRNNAKSFRCALLSHRDGAKVHLGTRPTEKQYETLENQLAFLCQQGFSLENALYALSAVGHFTLGCVLEDQEHQVAKEERETPTTDSMPPLLRQAIELFDHQGAEPAFLFGLELIICGLEKQLKCESGS,207,CAAGGCAGAAUGUAAUGCUGAAUAAGAGAGAAAAGUGUUGGUGAGUGUAG,50
23,Vascular_endothelial_growth_factor,9383475-VPF/VEGF-3,MNFLLSWVHWSLALLLYLHHAKWSQAAPMAEGGGQNHHEVVKFMDVYQRSYCHPIETLVDIFQEYPDEIEYIFKPSCVPLMRCGGCCNDEGLECVPTEESNITMQIMRIKPHQGQHIGEMSFLQHNKCECRPKKDRARQEKKSVRGKGKGQKRKRKKSRYKSWSVYVGARCCLMPWSLPGPHPCGPCSERRKHLFVQDPQTCKCSCKNTDSRCKARQLELNERTCRCDKPRR,232,GAGGCUGAUGGCAGACGCCGGCCGAAGACA,30
24,Colicin_E3,15023071-Colicin E3-1,MSGGDGRGHNTGAHSTSGNINGGPTGLGVGGGASDGSGWSSENNPWGGGSGSGIHWGGGSGHGNGGGNGNSGGGSGTGGNLSAVAAPVAFGFPALSTPGAGGLAVSISAGALSAAIADIMAALKGPFKFGLWGVALYGVLPSQIAKDDPNMMSKIVTSLPADDITESPVSSLPLDKATVNVNVRVVDDVKDERQNISVVSGVPMSVPVVDAKPTERPGVFTASIPGAPVLNISVNNSTPAVQTLSPGVTNNTDKDVRPAGFTQGGNTRDAVIRFPKDSGHNAVYVSVSDVLSPDQVKQRQDEENRRQQEWDATHPVEAAERNYERARAELNQANEDVARNQERQAKAVQVYNSRKSELDAANKTLADAIAEIKQFNRFAHDPMAGGHRMWQMAGLKAQRAQTDVNNKQAAFDAAAKEKSDADAALSSAMESRKKKEDKKRSAENNLNDEKNKPRKGFKDYGHDYHPAPKTENIKGLGDLKPGIPKTPKQNGGGKRKRWTGDKGRKIYEWDSQHGELEGYRASDGQHLGSFDPKTGNQLKGPDPKRNIKKYL,551,ACUGUCCUCCCUUCAGAGAGCGCGGGACCCUUAACUUGGGGCCCACGAACAGCUUCAGUUCCGUCUCGGCGU,72
25,HIV-1_Rev_binding_protein,8755498-HIV-1 Rev-18,MAGRSGDSDEELLKAVRLIKFLYQSNPPPNPEGTRQARRNRRRRWRERQRQIHSISERILSTYLGRSAEPVPLQLPPLERLTLDCNEDCGTSGTQGVGSPQILVESPTILESGAKE,116,GCUUGGUACCGAGCUCGGAUCCACGUAGUAACGGGCCGCCAGUGUGCUGGAAUUCGGGUCGUUCUUG,67
26,TetR,20545348-TetR-5,MSRLDKSKVINSALELLNEVGIEGLTTRKLAQKLGVEQPTLYWHVKNKRALLDALAIEMLDRHHTHFCPLEGESWQDFLRNNAKSFRCALLSHRDGAKVHLGTRPTEKQYETLENQLAFLCQQGFSLENALYALSAVGHFTLGCVLEDQEHQVAKEERETPTTDSMPPLLRQAIELFDHQGAEPAFLFGLELIICGLEKQLKCESGS,207,CAGGAAACAGCAAGACAAACGAUGGGGAGCGUAAGACUGCGAGUGUCGGA,50
27,Rabbit_immunoglobulin_G_IgG,18252191-Rabbit IgG-1,QSVEESRGGLIKPTDTLTLTCTVSGFSLSSYGEVWDRQAPGNGLEYIGAIGNSGSTYYASWAKSRSTITRNTNLNTVTLKMTSLTAADTATYFCAR,96,GGGAGAAUUCCGACCAGAAGUUCGAUACGCCGUGGGGUGACGUUGGCUGCCCUUUCCUCUCUCCUCCUUCUUCU,74
28,Recombinant_CUG-binding_protein_1_Open_Reading_Frame_ORF,16938098-CUG-BP1-6,MAWYWWRRRRRRGWWKPRRRRWRRRRARRRGPARRHRARRRIVRHPCNGQTSSGNRVPRSVQAVDPKYVSLQLVWHSWDFRRGLFGQAGIKRMQQESDALTLSPVHRPKRPKRDTQVKEKTPEKDSDSAVQLRRLQPWIHSSQETKDEEEEIPEGPVQEQLLQQLQQQRLLRVQLESIAQEVLKIRRGHSLHPLLSSHA,199,CCCGGUUACCGUGUUUGUUCUGCUAGAUUUUGGUU,35
29,Factor_X,17461758C-GLA proteins-3,MGRPLHLVLLSASLAGLLLLGESLFIRREQANNILARVTRANSFLEEMKKGHLERECMEETCSYEEAREVFEDSDKTNEFWNKYKDGDQCETSPCQNQGKCKDGLGEYTCTCLEGFEGKNCELFTRKLCSLDNGDCDQFCHEEQNSVVCSCARGYTLADNGKACIPTGPYPCGKQTLERRKRSVAQATSSSGEAPDSITWKPYDAADLDPTENPFDLLDFNQTQPERGDNNLTRIVGGQECKDGECPWQALLINEENEGFCGGTILSEFYILTAAHCLYQAKRFKVRVGDRNTEQEEGGEAVHEVEVVIKHNRFTKETYDFDIAVLRLKTPITFRMNVAPACLPERDWAESTLMTQKTGIVSGFGRTHEKGRQSTRLKMLEVPYVDRNSCKLSSSFIITQNMFCAGYDTKQEDACQGDSGGPHVTRFKDTYFVTGIVSWGEGCARKGKYGIYTKVTAFLKWIDRSMKTRGLPKAKSHAPEVITSSPLK,488,GUCUAGCUCUAGCCCCUGAUUACUUAAAGUGAUCACACAG,40
30,eIF4G,16940549-eIF4G-3,PHITDVVLDKANKTPLRQLDPSRLPDLIFEKAISEPNFSVAYANMCRCLMALKVPTTEKPTVTVNFRKLLLNRCQKEFEKDKDDDEVFEKKQKEMDEAATAEERGRLKEELEEARDIARRRSLGNIKFIGELFKLKMLTEAIMHDCVVKLLKNHDEESLECLCRLLTTIGKDLDFAKAKPRMDQYFNQMEKIIKEKKTSSRIRFMLQDVLDLRQSNWVPRRGDQGPKTIDQIHKEAEMEEHREHIKVQQLMAKGSDKRRGGPPGPPINRGLPLVDDGGWNTVPISKGSRPIDTSRLTKITKPGSIDSNNQLFAPGGRLSWGKGSSGGSGAKPSDTASEATRPATLNRFSALQQTLPAENTDNRRVVQRSSLSRERGEKAGDRGDRLERSERGGDRGDRLDRTRTPATKRSFSKEVEERSRERPSQPEGLRKAASLTEDRGRDPVKREATLPPVSPPKAALSVDEVEKKSKAIIEEYLHLNDMKEAVQCVQELASPSLLFIFVRLGIESTLERSTIAREHMGRLLHQLLCAGHLSTAQYYQGLYETLELAEDMEIDIPHVWLYLAELITPILQEDGVPMGELFREITKPLRPMGKATSLLLEILGLLCKSMGPKKVGMLWREAGLSWREFLAEGQDVGSFVAEKKVEYTLGEESEAPGQRTLAFEELRRQLEKLLKDGGSNQRVFDWIDANLNEQQIASNTLVRALMTTVCYSAIIFETPLRVDVQVLKVRARLLQKYLCDEQKELQALYALQALVVTLEQPANLLRMFFDALYDEDVVKEDAFYSWESSKDPAEQQGKGVALKSVTAFFNWLREAEDEESDHN,823,GGGACACAAUGGACGCACCUCCGACGCACAGUCGCAGGCUCGAAAGAGACUAAAUGCUAACGGCCGACAUGAGAG,75
31,Botulinum_neurotoxin_a,20452328-BoNT-A-2,MPFVNKQFNYKDPVNGVDIAYIKIPNVGQMQPVKAFKIHNKIWVIPERDTFTNPEEGDLNPPPEAKQVPVSYYDSTYLSTDNEKDNYLKGVTKLFERIYSTDLGRMLLTSIVRGIPFWGGSTIDTELKVIDTNCINVIQPDGSYRSEELNLVIIGPSADIIQFECKSFGHEVLNLTRNGYGSTQYIRFSPDFTFGFEESLEVDTNPLLGAGKFATDPAVTLAHELIHAGHRLYGIAINPNRVFKVNTNAYYEMSGLEVSFEELRTFGGHDAKFIDSLQENEFRLYYYNKFKDIASTLNKAKSIVGTTASLQYMKNVFKEKYLLSEDTSGKFSVDKLKFDKLYKMLTEIYTEDNFVKFFKVLNRKTYLNFDKAVFKINIVPKVNYTIYDGFNLRNTNLAANFNGQNTEINNMNFTKLKNFTGLFEFYKLLCVRGIITSKTKSLDKGYNKALNDLCIKVNNWDLFFSPSEDNFTNDLNKGEEITSDTNIEAAEENISLDLIQQYYLTFNFDNEPENISIENLSSDIIGQLELMPNIERFPNGKKYELDKYTMFHYLRAQEFEHGKSRIALTNSVNEALLNPSRVYTFFSSDYVKKVNKATEAAMFLGWVEQLVYDFTDETSEVSTTDKIADITIIIPYIGPALNIGNMLYKDDFVGALIFSGAVILLEFIPEIAIPVLGTFALVSYIANKVLTVQTIDNALSKRNEKWDEVYKYIVTNWLAKVNTQIDLIRKKMKEALENQAEATKAIINYQYNQYTEEEKNNINFNIDDLSSKLNESINKAMININKFLNQCSVSYLMNSMIPYGVKRLEDFDASLKDALLKYIYDNRGTLIGQVDRLKDKVNNTLSTDIPFQLSKYVDNQRLLSTFTEYIKNIINTSILNLRYESNHLIDLSRYASKINIGSKVNFDPIDKNQIQLFNLESSKIEVILKNAIVYNSMYENFSTSFWIRIPKYFNSISLNNEYTIINCMENNSGWKVSLNYGEIIWTLQDTQEIKQRVVFKYSQMINISDYINRWIFVTITNNRLNNSKIYINGRLIDQKPISNLGNIHASNNIMFKLDGCRDTHRYIWIKYFNLFDKELNEKEIKDLYDNQSNSGILKDFWGDYLQYDKPYYMLNLYDPNKYVDVNNVGIRGYMYLKGPRGSVMTTNIYLNSSLYRGTKFIIKKYASGNKDNIVRNNDRVYINVVVKNKEYRLATNASQAGVEKILSALEIPDVGNLSQVVVMKSKNDQGITNKCKMNLQDNNGNDIGFIGFHQFNNIAKLVASNWYNRQIERSSRTLGCSWEFIPVDDGWGERPL,1296,ACAACCCGGAACAACGUCUAACAGUGUACCAUAACCCGGCAUUCA,45
32,angiopoietin_2,12692304-Ang2-14,MWQIVFFTLSCDLVLAAAYNNFRKSMDSIGKKQYQVQHGSCSYTFLLPEMDNCRSSSSPYVSNAVQRDAPLEYDDSVQRLQVLENIMENNTQWLMKLENYIQDNMKKEMVEIQQNAVQNQTAVMIEIGTNLLNQTAEQTRKLTDVEAQVLNQTTRLELQLLEHSLSTNKLEKQILDQTSEINKLQDKNSFLEKKVLAMEDKHIIQLQSIKEEKDQLQVLVSKQNSIIEELEKKIVTATVNNSVLQKQQHDLMETVNNLLTMMSTSNSAKDPTVAKEEQISFRDCAEVFKSGHTTNGIYTLTFPNSTEEIKAYCDMEAGGGGWTIIQRREDGSVDFQRTWKEYKVGFGNPSGEYWLGNEFVSQLTNQQRYVLKIHLKDWEGNEAYSLYEHFYLSSEELNYRIHLKGLTGTAGKISSISQPGNDFSTKDGDNDKCICKCSQMLTGGWWFDACGPSNLNGMYYPQRQNTNKFNGIKWYYWKGSGYSLKATTMMIRPADF,496,CUCUUUUUGUCCCCGCACGUUGAACUCCUGUCCCUCUACU,40
33,angiopoietin_2,12692304-Ang2-8,MWQIVFFTLSCDLVLAAAYNNFRKSMDSIGKKQYQVQHGSCSYTFLLPEMDNCRSSSSPYVSNAVQRDAPLEYDDSVQRLQVLENIMENNTQWLMKLENYIQDNMKKEMVEIQQNAVQNQTAVMIEIGTNLLNQTAEQTRKLTDVEAQVLNQTTRLELQLLEHSLSTNKLEKQILDQTSEINKLQDKNSFLEKKVLAMEDKHIIQLQSIKEEKDQLQVLVSKQNSIIEELEKKIVTATVNNSVLQKQQHDLMETVNNLLTMMSTSNSAKDPTVAKEEQISFRDCAEVFKSGHTTNGIYTLTFPNSTEEIKAYCDMEAGGGGWTIIQRREDGSVDFQRTWKEYKVGFGNPSGEYWLGNEFVSQLTNQQRYVLKIHLKDWEGNEAYSLYEHFYLSSEELNYRIHLKGLTGTAGKISSISQPGNDFSTKDGDNDKCICKCSQMLTGGWWFDACGPSNLNGMYYPQRQNTNKFNGIKWYYWKGSGYSLKATTMMIRPADF,496,UGACCAAGCCUCACGUUGAACCUGCCAGUAGACCCCGCCCA,41
34,E.Coli_rho_factor,7678562-E.Coli rho factor-22,MNLTELKNTPVSELITLGENMGLENLARMRKQDIIFAILKQHAKSGEDIFGDGVLEILQDGFGFLRSADSSYLAGPDDIYVSPSQIRRFNLRTGDTISGKIRPPKEGERYFALLKVNEVNFDKPENARNKILFENLTPLHANSRLRMERGNGSTEDLTARVLDLASPIGRGQRGLIVAPPKAGKTMLLQNIAQSIAYNHPDCVLMVLLIDERPEEVTEMQRLVKGEVVASTFDEPASRHVQVAEMVIEKAKRLVEHKKDVIILLDSITRLARAYNTVVPASGKVLTGGVDANALHRPKRFFGAARNVEEGGSLTIIATALIDTGSKMDEVIYEEFKGTGNMELHLSRKIAEKRVFPAIDYNRSGTRKEELLTTQEELQKMWILRKIIHPMGEIDAMEFLINKLAMTKTNDDFFEMMKRS,419,AUCGUACAGAGGCAAGCAGAACGCGCGGU,29
35,hnps_PLA2,9526554-hnps_PLA2-5,MKTLLLLAVIMIFGLLQAHGNLVNFHRMIKLTTGKEAALSYGFYGCHCGVGGRGSPKDATDRCCVTHDCCYKRLEKRGCGTKFLSYKFSNSGSRITCAKQDSCRSQLCECDKAAATCFARNKTTYNKKYQYYSNKHCRGSTPRC,144,AAGACGGCCGGCGCCAUAGCCGAGAUCCGAGGUGUUGA,38
36,E.Coli_rho_factor,7678562-E.Coli rho factor-14,MNLTELKNTPVSELITLGENMGLENLARMRKQDIIFAILKQHAKSGEDIFGDGVLEILQDGFGFLRSADSSYLAGPDDIYVSPSQIRRFNLRTGDTISGKIRPPKEGERYFALLKVNEVNFDKPENARNKILFENLTPLHANSRLRMERGNGSTEDLTARVLDLASPIGRGQRGLIVAPPKAGKTMLLQNIAQSIAYNHPDCVLMVLLIDERPEEVTEMQRLVKGEVVASTFDEPASRHVQVAEMVIEKAKRLVEHKKDVIILLDSITRLARAYNTVVPASGKVLTGGVDANALHRPKRFFGAARNVEEGGSLTIIATALIDTGSKMDEVIYEEFKGTGNMELHLSRKIAEKRVFPAIDYNRSGTRKEELLTTQEELQKMWILRKIIHPMGEIDAMEFLINKLAMTKTNDDFFEMMKRS,419,ACAAAUCCCCAGGAGUGCAAUACUCCGCAA,30
37,E.Coli_rho_factor,7678562-E.Coli rho factor-7,MNLTELKNTPVSELITLGENMGLENLARMRKQDIIFAILKQHAKSGEDIFGDGVLEILQDGFGFLRSADSSYLAGPDDIYVSPSQIRRFNLRTGDTISGKIRPPKEGERYFALLKVNEVNFDKPENARNKILFENLTPLHANSRLRMERGNGSTEDLTARVLDLASPIGRGQRGLIVAPPKAGKTMLLQNIAQSIAYNHPDCVLMVLLIDERPEEVTEMQRLVKGEVVASTFDEPASRHVQVAEMVIEKAKRLVEHKKDVIILLDSITRLARAYNTVVPASGKVLTGGVDANALHRPKRFFGAARNVEEGGSLTIIATALIDTGSKMDEVIYEEFKGTGNMELHLSRKIAEKRVFPAIDYNRSGTRKEELLTTQEELQKMWILRKIIHPMGEIDAMEFLINKLAMTKTNDDFFEMMKRS,419,CUCCAAACUCAUAGCAGAAUUCGCACGGAC,30
38,Oncostatin_M,10882721-Oncostatin M-4,MGVLLTQRTLLSLVLALLFPSMASMAAIGSCSKEYRVLLGQLQKQTDLMQDTSRLLDPYIRIQGLDVPKLREHCRERPGAFPSEETLRGLGRRGFLQTLNATLGCVLHRLADLEQRLPKAQDLERSGLNIEDLEKLQMARPNILGLRNNIYCMAQLLDNSDTAEPTKAGRGASQPPTPTPASDAFQRKLEGCRFLHGYHRFMHSVGRVFSKWGESPNRSRRHSPHQALRKGVRRTRPSRKGKRLMTRGQLPR,252,UCACCCUGAACCGGCCCAGCAGACUGCUGACGGCACGAU,39
39,HIV-1_Rev_binding_protein,8755498-HIV-1 Rev-2,MAGRSGDSDEELLKAVRLIKFLYQSNPPPNPEGTRQARRNRRRRWRERQRQIHSISERILSTYLGRSAEPVPLQLPPLERLTLDCNEDCGTSGTQGVGSPQILVESPTILESGAKE,116,GAAUCAACACACAGUCCUGGGGGCGUAACCAUGAACACCCAAGGCCUUAGUGGUAUGUGGUUCUUG,66
40,general_transcription_factor_IIB,18403417-TFIIB-2,MASTSRLDALPRVTCPNHPDAILVEDYRAGDMICPECDRVIDVGSEWRTFSNDKATKDPSRVGDSQNPLLSDGDLSTMIGKGTGAASFDEFGNSKYQNRRTMSSSDRAMMNAFKEITTMADRINLPRNIVDRTNNLFKQVYEQKSLKGRANDAIASACLYIACRQEGVPRTFKEICAVSRISKKEIGRCFKLILKALETSVDLITTGDFMSRFCSNLCLPKQVQMAATHIA,231,GGGUUAACAAGAUACCGAGAGAGCUGCAGCAUAAGCCUGCAGAGUGGACCAGUACUACAAGCUUCUGGACUCGGU,75
41,Colicin_E3,15023071-Colicin E3-6,MSGGDGRGHNTGAHSTSGNINGGPTGLGVGGGASDGSGWSSENNPWGGGSGSGIHWGGGSGHGNGGGNGNSGGGSGTGGNLSAVAAPVAFGFPALSTPGAGGLAVSISAGALSAAIADIMAALKGPFKFGLWGVALYGVLPSQIAKDDPNMMSKIVTSLPADDITESPVSSLPLDKATVNVNVRVVDDVKDERQNISVVSGVPMSVPVVDAKPTERPGVFTASIPGAPVLNISVNNSTPAVQTLSPGVTNNTDKDVRPAGFTQGGNTRDAVIRFPKDSGHNAVYVSVSDVLSPDQVKQRQDEENRRQQEWDATHPVEAAERNYERARAELNQANEDVARNQERQAKAVQVYNSRKSELDAANKTLADAIAEIKQFNRFAHDPMAGGHRMWQMAGLKAQRAQTDVNNKQAAFDAAAKEKSDADAALSSAMESRKKKEDKKRSAENNLNDEKNKPRKGFKDYGHDYHPAPKTENIKGLGDLKPGIPKTPKQNGGGKRKRWTGDKGRKIYEWDSQHGELEGYRASDGQHLGSFDPKTGNQLKGPDPKRNIKKYL,551,GUCAGCUGCUCGCGGGAUCGAUCCAUUCGGUGGCCAUGCUCCGGAAGACGGGCCGGCUUCGCAAGACUCAGG,72
42,full_length_sheep_prion_protein_PrP23-234_A136_R154_R171,16799875-ARR recPrP-1,MVKSHIGSWILVLFVAMWSDVGLCKKRPKPGGGWNTGGSRYPGQGSPGGNRYPPQGGGGWGQPHGGGWGQPHGGGWGQPHGGGWGQPHGGGGWGQGGSHSQWNKPSKPKTNMKHVAGAAAAGAVVGGLGGYMLGSAMSRPLIHFGNDYEDRYYRENMYRYPNQVYYRPVDRYSNQNNFVHDCVNITVKQHTVTTTTKGENFTETDIKIMERVVEQMCITQYQRESQAYYQRGASVILFSSPPVILLISFLIFLIVG,256,GGGCGAAUUCGAGCCUCAAGACGUCGGGGAUUGGCAAACCCCGUUUCCUUGAGCGACCCCCUGUUACUCGGCGGAUCCUCU,81
43,general_transcription_factor_IIB,18403417-TFIIB-5,MASTSRLDALPRVTCPNHPDAILVEDYRAGDMICPECDRVIDVGSEWRTFSNDKATKDPSRVGDSQNPLLSDGDLSTMIGKGTGAASFDEFGNSKYQNRRTMSSSDRAMMNAFKEITTMADRINLPRNIVDRTNNLFKQVYEQKSLKGRANDAIASACLYIACRQEGVPRTFKEICAVSRISKKEIGRCFKLILKALETSVDLITTGDFMSRFCSNLCLPKQVQMAATHIA,231,GGCAAAACGCGCCUCAAAUACGUUAAGCGUCUGCAUCCGGAGCACUACAAGCUUCUGGACUCGGU,65
44,Zinc_finger_protein_TFIIIA,20095591-TFIIIAp43-2,MAAKVASTSSEEAEGSLVTEGEMGEKALPVVYKRYICSFADCGAAYNKNWKLQAHLCKHTGEKPFPCKEEGCEKGFTSLHHLTRHSLTHTGEKNFTCDSDGCDLRFTTKANMKKHFNRFHNIKICVYVCHFENCGKAFKKHNQLKVHQFSHTQQLPYECPHEGCDKRFSLPSRLKRHEKVHAGYPCKKDDSCSFVGKTWTLYLKHVAECHQDLAVCDVCNRKFRHKDYLRDHQKTHEKERTVYLCPRDGCDRSYTTAFNLRSHIQSFHEEQRPFVCEHAGCGKCFAMKKSLERHSVVHDPEKRKLKEKCPRPKRSLASRLTGYIPPKSKEKNASVSGTEKTDSLVKNKPSGTETNGSLVLDKLTIQ,366,UAAACCUGCUGGCAGUGUGACCUAAGGACCAAGCCGUUCCUGAGGAACGUC,51
45,Keratinocyte_growth_factor,9035109-keratinocyte growth factor-6,IMEIRTVAVGIVAIKGVESEYYLAMNKEGKLYAKKECNEDCNFKELILENHYNTYASAKWTHSGGEMFVALNQKGLPVKGKKTKKEQKTAHFLPMAIT,98,CACCUUAGACCUGUCCUCCAAGCGUGAGUUGCUGUGGCC,39
46,Oncostatin_M,10882721-Oncostatin M-15,MGVLLTQRTLLSLVLALLFPSMASMAAIGSCSKEYRVLLGQLQKQTDLMQDTSRLLDPYIRIQGLDVPKLREHCRERPGAFPSEETLRGLGRRGFLQTLNATLGCVLHRLADLEQRLPKAQDLERSGLNIEDLEKLQMARPNILGLRNNIYCMAQLLDNSDTAEPTKAGRGASQPPTPTPASDAFQRKLEGCRFLHGYHRFMHSVGRVFSKWGESPNRSRRHSPHQALRKGVRRTRPSRKGKRLMTRGQLPR,252,AGUCUGAGUCAAAUUGUGCCACUCCCACUCCAAUUGCGU,39
47,HIVgp120,19304999-HIVgp120-2,VVIRSNNFTDNAKTIIVQLNESIAINCTRPNNNTRKSIHIGPGRAFYTTGDIIGNIRQAHCNLSRTKWENTLKQIAKKLREQFGNKTIVFNH,92,UAAUACGACUCACUAUAGGGAGGACGAUGCGGACAUAGUAAUGACACGGAGGAUGGAGAAAAAACAGCCAUCUCUUGACGGUUCGGGCGAGUCGUCUG,98
48,human_epidermal_growth_factor_receptor_3_HER3,12874383-HER3-1,MRANDALQVLGLLFSLARGSEVGNSQAVCPGTLNGLSVTGDAENQYQTLYKLYERCEVVMGNLEIVLTGHNADLSFLQWIREVTGYVLVAMNEFSTLPLPNLRVVRGTQVYDGKFAIFVMLNYNTNSSHALRQLRLTQLTEILSGGVYIEKNDKLCHMDTIDWRDIVRDRDAEIVVKDNGRSCPPCHEVCKGRCWGPGSEDCQTLTKTICAPQCNGHCFGPNPNQCCHDECAGGCSGPQDTDCFACRHFNDSGACVPRCPQPLVYNKLTFQLEPNPHTKYQYGGVCVASCPHNFVVDQTSCVRACPPDKMEVDKNGLKMCEPCGGLCPKACEGTGSGSRFQTVDSSNIDGFVNCTKILGNLDFLITGLNGDPWHKIPALDPEKLNVFRTVREITGYLNIQSWPPHMHNFSVFSNLTTIGGRSLYNRGFSLLIMKNLNVTSLGFRSLKEISAGRIYISANRQLCYHHSLNWTKVLRGPTEERLDIKHNRPRRDCVAEGKVCDPLCSSGGCWGPGPGQCLSCRNYSRGGVCVTHCNFLNGEPREFAHEAECFSCHPECQPMEGTATCNGSGSDTCAQCAHFRDGPHCVSSCPHGVLGAKGPIYKYPDVQNECRPCHENCTQGCKGPELQDCLGQTLVLIGKTHLTMALTVIAGLVVIFMMLGGTFLYWRGRRIQNKRAMRRYLERGESIEPLDPSEKANKVLARIFKETELRKLKVLGSGVFGTVHKGVWIPEGESIKIPVCIKVIEDKSGRQSFQAVTDHMLAIGSLDHAHIVRLLGLCPGSSLQLVTQYLPLGSLLDHVRQHRGALGPQLLLNWGVQIAKGMYYLEEHGMVHRNLAARNVLLKSPSQVQVADFGVADLLPPDDKQLLYSEAKTPIKWMALESIHFGKYTHQSDVWSYGVTVWELMTFGAEPYAGLRLAEVPDLLEKGERLAQPQICTIDVYMVMVKCWMIDENIRPTFKELANEFTRMARDPPRYLVIKRESGPGIAPGPEPHGLTNKKLEEVELEPELDLDLDLEAEEDNLATTTLGSALSLPVGTLNRPRGSQSLLSPSSGYMPMNQGNLGESCQESAVSGSSERCPRPVSLHPMPRGCLASESSEGHVTGSEAELQEKVSMCRSRSRSRSPRPRGDSAYHSQRHSLLTPVTPLSPPGLEEEDVNGYVMPDTHLKGTPSSREGTLSSVGLSSVLGTEEEDEDEEYEYMNRRRRHSPPHPPRPSSLEELGYEYMDVGSDLSASLGSTQSCPLHPVPIMPTAGTTPDEDYEYMNRQRDGGGPGGDYAAMGACPASEQGYEEMRAFQGPGHQAPHVHYARLKTLRSLEATDSAFDNPDYWHSRLFPKANAQRT,1342,CAGCGAAAGUUGCGUAUGGGUCACAUCGCAGGCACAUGUCAUCUGGGCG,49
49,PSMA,12124337-PSMA-2,MQQGQMAYDRAITVFSPDGRLFQVEYAREAVKKGSTALGMKFANGVLLISDKKVRSRLIEQNSIEKIQLIDDYVAAVTSGLVADARVLVDFARISAQQEKVTYGSLVNIENLVKRVADQMQQYTQYGGVRPYGVSLIFAGIDQIGPRLFDCDPAGTINEYKATAIGSGKDAVVSFLEREYKENLPEKEAVTLGIKALKSSLEEGEELKAPEIASITVGNKYRIYDQEEVKKFL,233,AUCAGCCAUGUUUACGUCACUCCUUGUCAAUCCUCAUCGG,40
50,E.Coli_rho_factor,7678562-E.Coli rho factor-12,MNLTELKNTPVSELITLGENMGLENLARMRKQDIIFAILKQHAKSGEDIFGDGVLEILQDGFGFLRSADSSYLAGPDDIYVSPSQIRRFNLRTGDTISGKIRPPKEGERYFALLKVNEVNFDKPENARNKILFENLTPLHANSRLRMERGNGSTEDLTARVLDLASPIGRGQRGLIVAPPKAGKTMLLQNIAQSIAYNHPDCVLMVLLIDERPEEVTEMQRLVKGEVVASTFDEPASRHVQVAEMVIEKAKRLVEHKKDVIILLDSITRLARAYNTVVPASGKVLTGGVDANALHRPKRFFGAARNVEEGGSLTIIATALIDTGSKMDEVIYEEFKGTGNMELHLSRKIAEKRVFPAIDYNRSGTRKEELLTTQEELQKMWILRKIIHPMGEIDAMEFLINKLAMTKTNDDFFEMMKRS,419,AACAUAUCCCCAGCCAUGCAACGUGGCGAA,30
51,general_transcription_factor_IIB,18403417-TFIIB-9,MASTSRLDALPRVTCPNHPDAILVEDYRAGDMICPECDRVIDVGSEWRTFSNDKATKDPSRVGDSQNPLLSDGDLSTMIGKGTGAASFDEFGNSKYQNRRTMSSSDRAMMNAFKEITTMADRINLPRNIVDRTNNLFKQVYEQKSLKGRANDAIASACLYIACRQEGVPRTFKEICAVSRISKKEIGRCFKLILKALETSVDLITTGDFMSRFCSNLCLPKQVQMAATHIA,231,GGUGAUCGCACAGACACGGGCACUGAUGCGGCUCCCGUACAUAGGCCGGUAGUACUACAAGCUUCUGGACUCGGU,75
52,TetR,20545348-TetR-11,MSRLDKSKVINSALELLNEVGIEGLTTRKLAQKLGVEQPTLYWHVKNKRALLDALAIEMLDRHHTHFCPLEGESWQDFLRNNAKSFRCALLSHRDGAKVHLGTRPTEKQYETLENQLAFLCQQGFSLENALYALSAVGHFTLGCVLEDQEHQVAKEERETPTTDSMPPLLRQAIELFDHQGAEPAFLFGLELIICGLEKQLKCESGS,207,CUUGCUGCAGAGGGUCCAGAAUAUGUGUGACACUGCGUCGACGGGUUAAG,50
53,HIV-1_Rev_binding_protein,8755498-HIV-1 Rev-6,MAGRSGDSDEELLKAVRLIKFLYQSNPPPNPEGTRQARRNRRRRWRERQRQIHSISERILSTYLGRSAEPVPLQLPPLERLTLDCNEDCGTSGTQGVGSPQILVESPTILESGAKE,116,GCUAGGCAAUGAAACGGUUGGAGUAAUCCGGUGGCUUGCCAUGAUUUACGUGAGUGCUGAUCCGUGAUG,69
54,HIV-1_Rev_binding_protein,8755498-HIV-1 Rev-8,MAGRSGDSDEELLKAVRLIKFLYQSNPPPNPEGTRQARRNRRRRWRERQRQIHSISERILSTYLGRSAEPVPLQLPPLERLTLDCNEDCGTSGTQGVGSPQILVESPTILESGAKE,116,GUAUUCUCGGUGGUUUAAUCAGAGUAGAGGAGGCUGACUCCUUUGGUUGGACGACGGUGGAGGUUCUUCUUG,72
55,Plasminogen_activator_inhibitor-1,20387790-PAI-1-2,MQMSPALTCLVLGLALVFGEGSAVHHPPSYVAHLASDFGVRVFQQVAQASKDRNVVFSPYGVASVLAMLQLTTGGETQQQIQAAMGFKIDDKGMAPALRHLYKELMGPWNKDEISTTDAIFVQRDLKLVQGFMPHFFRLFRSTVKQVDFSEVERARFIINDWVKTHTKGMISNLLGKGAVDQLTRLVLVNALYFNGQWKTPFPDSSTHRRLFHKSDGSTVSVPMMAQTNKFNYTEFTTPDGHYYDILELPYHGDTLSMFIAAPYEKEVPLSALTNILSAQLISHWKGNMTRLPRLLVLPKFSLETEVDLRKPLENLGMTDMFRQFQADFTSLSDQEPLHVAQALQKVKIEVNESGTVASSSTAVIVSARMAPEEIIMDRPFLFVVRHNPTGTVLFMGQVMEP,402,GGGGCCACCAACGACAUUUAUCGAAUUGAUAACCUUACGCGAGAGCGUAGUUCGUUGAUAUAAAUAGUGCCCAUGGAUC,79
