aptamer_protein_interaction_score,primary_sequence,secondary_structure,minimum_free_energy
0.7142857142857143,GUUGCUACGAGAUAUGGUGCUGAGAUAUGU,...((.((.(....).))))..........,-2.0999999046325684
0.6857142857142857,UUAUAAGAGAUAUGGUGCUGAGAUGGCCUA,............(((.(((.....)))))),-2.5
0.6857142857142857,UAGUCGAGAUAUGGUGCUGAGAUAUUGCCA,...........((((...........)))),-1.399999976158142
0.6857142857142857,UGGCUACGAGAUAUGGUGCUGAGAUAGUUU,.(((.((.(....).)))))..........,-3.299999952316284
0.6857142857142857,AUCUUCGAGAUAUGGUGCUGAGAUAUAAAA,(((((..((........)))))))......,-1.2000000476837158
0.6857142857142857,UAUCUUCGAGAUAUGGUGCUGAGAUAUAAA,((((((..((........))))))))....,-2.4000000953674316
0.6857142857142857,UUCUUCGAGAUAUGGUGCUGAGAUAUAAAG,.((((..((........)))))).......,-0.20000000298023224
0.6571428571428571,UCUUCGAGAUAUGGUGCUGAGAUAUAGGUC,..............................,0.0
0.6571428571428571,GUUCGAGAUAUGGUGCUGAGAUAUAAAGCU,..............(((.........))).,-1.7999999523162842
0.6571428571428571,GCUAUGGAGAUAUGGUGCUGAGAUAUAAGA,((((((....))))))..............,-3.299999952316284
